partner_group,flow_india,cmdCode,cmdDesc,share_2020,share_2024,share_change
China,Export,3,"Fish and crustaceans, molluscs and other aquatic invertebrates",0.04706224194495252,0.07507970246982476,0.028017460524872244
China,Export,25,"Salt; sulphur; earths, stone; plastering materials, lime and cement",0.03317558101488841,0.05383168067185369,0.020656099656965278
China,Export,85,"Electrical machinery and equipment and parts thereof; sound recorders and reproducers; television image and sound recorders and reproducers, parts and accessories of such articles",0.03360116673872473,0.05357377656466954,0.019972609825944808
China,Export,67,"Feathers and down, prepared; and articles made of feather or of down; artificial flowers; articles of human hair",0.012548308710459774,0.031458526043613634,0.01891021733315386
China,Export,27,"Mineral fuels, mineral oils and products of their distillation; bituminous substances; mineral waxes",0.06344148604924876,0.0821715438429171,0.018730057793668334
China,Export,9,"Coffee, tea, mate and spices",0.03202386970214368,0.04533999201219623,0.013316122310052553
China,Export,7,Vegetables and certain roots and tubers; edible,0.0007889583722125519,0.007123404565072974,0.006334446192860423
China,Export,23,"Food industries, residues and wastes thereof; prepared animal fodder",0.000622237363111055,0.006683177093709264,0.006060939730598208
China,Export,90,"Optical, photographic, cinematographic, measuring, checking, medical or surgical instruments and apparatus; parts and accessories",0.009466786194377024,0.015351103313893397,0.0058843171195163725
China,Export,76,Aluminium and articles thereof,0.012919271639001,0.01871471970826804,0.00579544806926704
China,Export,38,Chemical products n.e.c.,0.008174613632131877,0.013544903465433413,0.005370289833301536
China,Export,87,"Vehicles; other than railway or tramway rolling stock, and parts and accessories thereof",0.005081674763207524,0.009076697590930653,0.00399502282772313
China,Export,10,Cereals,0.0005584330483015258,0.0038823386356172007,0.003323905587315675
China,Export,30,Pharmaceutical products,0.002693104933387343,0.005636950840150006,0.002943845906762663
China,Export,73,Iron or steel articles,0.0035019976441801794,0.006027071407841444,0.0025250737636612645
China,Export,64,Footwear; gaiters and the like; parts of such articles,0.002139654933582583,0.004607109894470683,0.0024674549608881
China,Export,13,"Lac; gums, resins and other vegetable saps and extracts",0.0022522285288703254,0.004355578933994344,0.002103350405124019
China,Export,28,"Inorganic chemicals; organic and inorganic compounds of precious metals; of rare earth metals, of radio-active elements and of isotopes",0.0048864305307925095,0.006522292509581876,0.0016358619787893661
China,Export,53,Vegetable textile fibres; paper yarn and woven fabrics of paper yarn,0.005070926290198116,0.006562746130905923,0.0014918198407078065
China,Export,50,Silk,0.0008959408880263391,0.0021438395992452934,0.0012478987112189543
China,Export,41,Raw hides and skins (other than furskins) and leather,0.002139601644505051,0.0031097143725189974,0.0009701127280139464
China,Export,54,Man-made filaments; strip and the like of man-made textile materials,0.0007497416025178316,0.001684755457318483,0.0009350138548006514
China,Export,40,Rubber and articles thereof,0.0043199976446789525,0.005099973204737696,0.0007799755600587438
China,Export,61,Apparel and clothing accessories; knitted or crocheted,0.0011766438504930163,0.0019391666526994546,0.0007625228022064383
China,Export,59,"Textile fabrics; impregnated, coated, covered or laminated; textile articles of a kind suitable for industrial use",0.0010236171719990351,0.0017166400575556442,0.0006930228855566091
China,Export,57,Carpets and other textile floor coverings,0.0006910875149933093,0.0012630742508317756,0.0005719867358384662
China,Export,34,"Soap, organic surface-active agents; washing, lubricating, polishing or scouring preparations; artificial or prepared waxes, candles and similar articles, modelling pastes, dental waxes and dental preparations with a basis of plaster",0.0011611036431161067,0.0017115685011985624,0.0005504648580824556
China,Export,33,"Essential oils and resinoids; perfumery, cosmetic or toilet preparations",0.006060128997902145,0.006569246503240779,0.0005091175053386337
China,Export,81,"Metals; n.e.c., cermets and articles thereof",3.616756080072812e-05,0.0005154701956077064,0.00047930263480697833
China,Export,42,"Articles of leather; saddlery and harness; travel goods, handbags and similar containers; articles of animal gut (other than silk-worm gut)",0.0005507376289869538,0.0010270234015729205,0.0004762857725859667
China,Export,74,Copper and articles thereof,0.02627321959512451,0.026745624574244595,0.0004724049791200863
China,Export,86,"Railway, tramway locomotives, rolling-stock and parts thereof; railway or tramway track fixtures and fittings and parts thereof; mechanical (including electro-mechanical) traffic signalling equipment of all kinds",0.00011029573568094718,0.0005066575624080588,0.0003963618267271116
China,Export,14,Vegetable plaiting materials; vegetable products not elsewhere specified or included,0.0003415182090050125,0.0007165824086838407,0.0003750641996788282
China,Export,44,Wood and articles of wood; wood charcoal,0.0005181299340555893,0.000862466732045991,0.0003443367979904017
China,Export,21,Miscellaneous edible preparations,0.00012701772150764496,0.00041463028729173595,0.000287612565784091
China,Export,78,Lead and articles thereof,7.32735982255968e-07,0.00026511267102740353,0.00026437993504514756
China,Export,96,Miscellaneous manufactured articles,0.00032220220270937945,0.0005501391489443224,0.00022793694623494297
China,Export,70,Glass and glassware,0.0011998419539842088,0.0014075340963023099,0.0002076921423181011
China,Export,75,Nickel and articles thereof,0.0004915554461269746,0.0006991666599328251,0.00020761121380585043
China,Export,20,"Preparations of vegetables, fruit, nuts or other parts of plants",0.0005867723786253249,0.0007765496831988741,0.00018977730457354913
China,Export,35,Albuminoidal substances; modified starches; glues; enzymes,6.127464292201888e-05,0.00024038708272940994,0.00017911243980739107
China,Export,19,"Preparations of cereals, flour, starch or milk; pastrycooks' products",3.121354772352895e-05,0.0001892976151264552,0.00015808406740292624
China,Export,83,Metal; miscellaneous products of base metal,0.00024355692039485985,0.00039864345002552104,0.00015508652963066119
China,Export,62,Apparel and clothing accessories; not knitted or crocheted,0.0019996374890390266,0.002146542278602311,0.00014690478956328433
China,Export,68,"Stone, plaster, cement, asbestos, mica or similar materials; articles thereof",0.0005717020824782311,0.0007126680116913096,0.0001409659292130785
China,Export,92,Musical instruments; parts and accessories of such articles,0.0002264190215810105,0.0003666057428983346,0.00014018672131732408
China,Export,31,Fertilizers,0.00012208354906111338,0.00024396190358607676,0.00012187835452496338
China,Export,51,"Wool, fine or coarse animal hair; horsehair yarn and woven fabric",3.7573314327173855e-05,0.00012387429021795527,8.630097589078142e-05
China,Export,6,"Trees and other plants, live; bulbs, roots and the like; cut flowers and ornamental foliage",1.1827360121082718e-05,9.243684233093911e-05,8.06094822098564e-05
China,Export,58,"Fabrics; special woven fabrics, tufted textile fabrics, lace, tapestries, trimmings, embroidery",0.000100245821103105,0.0001585043221931999,5.82585010900949e-05
China,Export,99,Commodities not specified according to kind,3.5751454844904e-05,9.274663430217735e-05,5.699517945727335e-05
China,Export,49,"Printed books, newspapers, pictures and other products of the printing industry; manuscripts, typescripts and plans",9.081709625087626e-06,4.867053398141864e-05,3.9588824356331015e-05
China,Export,94,"Furniture; bedding, mattresses, mattress supports, cushions and similar stuffed furnishings; lamps and lighting fittings, n.e.c.; illuminated signs, illuminated name-plates and the like; prefabricated buildings",0.0006662700780603776,0.0006943555654634948,2.8085487403117283e-05
China,Export,5,Animal originated products; not elsewhere specified or included,0.0001566391114392237,0.0001795467750697264,2.29076636305027e-05
China,Export,37,Photographic or cinematographic goods,2.0284216614473827e-07,1.9625758572594783e-05,1.9422916406450044e-05
China,Export,80,Tin; articles thereof,8.242629491218384e-08,1.2898619201797613e-05,1.281619290688543e-05
China,Export,45,Cork and articles of cork,3.466507488803985e-06,3.75850234437618e-06,2.919948555721953e-07
China,Export,46,"Manufactures of straw, esparto or other plaiting materials; basketware and wickerwork",5.7780298176548366e-06,5.927997119183585e-06,1.4996730152874858e-07
China,Export,97,Works of art; collectors' pieces and antiques,3.015271344143183e-06,2.680102382087874e-06,-3.3516896205530876e-07
China,Export,91,Clocks and watches and parts thereof,1.0514307787449193e-05,9.152180072642647e-06,-1.362127714806546e-06
China,Export,4,"Dairy produce; birds' eggs; natural honey; edible products of animal origin, not elsewhere specified or included",5.823258297021403e-06,3.720212752247792e-06,-2.1030455447736113e-06
China,Export,65,Headgear and parts thereof,1.5919627452344206e-05,1.1496073830817156e-05,-4.42355362152705e-06
China,Export,43,Furskins and artificial fur; manufactures thereof,6.8152370112769214e-06,2.201868434911097e-06,-4.613368576365824e-06
China,Export,60,Fabrics; knitted or crocheted,3.109180537680306e-05,2.4310114681920125e-05,-6.781690694882935e-06
China,Export,66,"Umbrellas, sun umbrellas, walking-sticks, seat sticks, whips, riding crops; and parts thereof",8.532184508283737e-06,8.642788485243548e-08,-8.445756623431302e-06
China,Export,18,Cocoa and cocoa preparations,4.4037534483962784e-05,2.3179088402101102e-05,-2.085844608186168e-05
China,Export,95,"Toys, games and sports requisites; parts and accessories thereof",0.00031310553895912607,0.00026948685609052154,-4.361868286860453e-05
China,Export,82,"Tools, implements, cutlery, spoons and forks, of base metal; parts thereof, of base metal",0.000590804868438962,0.0005462302200813737,-4.4574648357588345e-05
China,Export,55,Man-made staple fibres,0.0010857476545524816,0.0009771932047079317,-0.00010855444984454992
China,Export,11,"Products of the milling industry; malt, starches, inulin, wheat gluten",0.00012079527152712182,8.402604826371209e-06,-0.0001123926667007506
China,Export,47,Pulp of wood or other fibrous cellulosic material; recovered (waste and scrap) paper or paperboard,0.00044095589382662966,0.00031349008119485616,-0.0001274658126317735
China,Export,8,"Fruit and nuts, edible; peel of citrus fruit or melons",0.000545005299706435,0.00041251707058552044,-0.00013248822912091457
China,Export,89,"Ships, boats and floating structures",0.00016256249075338622,7.962463014070862e-07,-0.00016176624445197912
China,Export,22,"Beverages, spirits and vinegar",0.00022284447567775268,4.849268150964245e-05,-0.00017435179416811023
China,Export,56,"Wadding, felt and nonwovens, special yarns; twine, cordage, ropes and cables and articles thereof",0.0003770220253321795,0.00017681177890042725,-0.00020021024643175227
China,Export,63,"Textiles, made up articles; sets; worn clothing and worn textile articles; rags",0.001367473572097966,0.0010944507677172713,-0.0002730228043806946
China,Export,17,Sugars and sugar confectionery,0.0026191709926290823,0.0022438105803462014,-0.00037536041228288094
China,Export,79,Zinc and articles thereof,0.000888671757658111,0.00040983021042697844,-0.00047884154723113257
China,Export,69,Ceramic products,0.0012515369075268594,0.0006612065485859324,-0.0005903303589409269
China,Export,71,"Natural, cultured pearls; precious, semi-precious stones; precious metals, metals clad with precious metal, and articles thereof; imitation jewellery; coin",0.0030855868893399584,0.0014261096770037953,-0.001659477212336163
China,Export,32,"Tanning or dyeing extracts; tannins and their derivatives; dyes, pigments and other colouring matter; paints, varnishes; putty, other mastics; inks",0.014986532917344352,0.012563400496057257,-0.002423132421287095
China,Export,12,"Oil seeds and oleaginous fruits; miscellaneous grains, seeds and fruit, industrial or medicinal plants; straw and fodder",0.006010586551821735,0.0022654809133900366,-0.0037451056384316984
China,Export,48,"Paper and paperboard; articles of paper pulp, of paper or paperboard",0.013190781337536817,0.001625370367255115,-0.011565410970281702
China,Export,26,"Ores, slag and ash",0.18384850864371802,0.16970191772698323,-0.014146590916734786
China,Export,52,Cotton,0.05466790853496408,0.02888755074016528,-0.0257803577947988
China,Export,39,Plastics and articles thereof,0.05288902952583347,0.020448697549565378,-0.0324403319762681
China,Export,29,Organic chemicals,0.1273016893112385,0.08282680084241474,-0.04447488846882376
China,Export,72,Iron and steel,0.1268912962695107,0.016555165941428817,-0.11033613032808189
China,Export,2,Meat and edible meat offal,,5.3740346915802755e-06,
China,Export,15,Animal or vegetable fats and oils and their cleavage products; prepared animal fats; animal or vegetable waxes,0.035696075690378616,,
China,Export,15,"Animal, vegetable or microbial fats and oils and their cleavage products; prepared edible fats; animal or vegetable waxes",,0.05656539139665742,
China,Export,16,"Meat, fish or crustaceans, molluscs or other aquatic invertebrates; preparations thereof",0.00010366408263594723,,
China,Export,16,"Meat, fish, crustaceans, molluscs or other aquatic invertebrates, or insects; preparations thereof",,9.810620810251024e-05,
China,Export,24,Tobacco and manufactured tobacco substitutes,1.7977660808941286e-05,,
China,Export,24,"Tobacco and manufactured tobacco substitutes; products, whether or not containing nicotine, intended for inhalation without combustion; other nicotine containing products intended for the intake of nicotine into the human body",,1.926045527363702e-05,
China,Export,84,"Machinery and mechanical appliances, boilers, nuclear reactors; parts thereof",,0.07510109851662411,
China,Export,84,"Nuclear reactors, boilers, machinery and mechanical appliances; parts thereof",0.03782153987360487,,
China,Export,88,"Aircraft, spacecraft and parts thereof",0.0003095447332355272,,
China,Export,88,"Aircraft, spacecraft, and parts thereof",,0.009672026573663405,
China,Import,85,"Electrical machinery and equipment and parts thereof; sound recorders and reproducers; television image and sound recorders and reproducers, parts and accessories of such articles",0.30344787351957186,0.3754583117720164,0.07201043825244452
China,Import,71,"Natural, cultured pearls; precious, semi-precious stones; precious metals, metals clad with precious metal, and articles thereof; imitation jewellery; coin",0.0017618634327034423,0.022711230969617947,0.020949367536914506
China,Import,39,Plastics and articles thereof,0.036817554503892264,0.049573669092752355,0.012756114588860092
China,Import,72,Iron and steel,0.014202357992683688,0.02356456314775207,0.009362205155068384
China,Import,76,Aluminium and articles thereof,0.01141044366802944,0.014296416193351247,0.0028859725253218074
China,Import,70,Glass and glassware,0.00754879696502011,0.00981800432668566,0.0022692073616655496
China,Import,74,Copper and articles thereof,0.002332277166708433,0.004375659093187278,0.002043381926478845
China,Import,89,"Ships, boats and floating structures",0.0008943459757240036,0.0026398096561617264,0.0017454636804377227
China,Import,48,"Paper and paperboard; articles of paper pulp, of paper or paperboard",0.005391718797230852,0.00675120744783634,0.0013594886506054877
China,Import,91,Clocks and watches and parts thereof,0.00048352505209540915,0.00172093968618966,0.001237414634094251
China,Import,26,"Ores, slag and ash",0.0005686709798842538,0.001161006105895241,0.0005923351260109872
China,Import,75,Nickel and articles thereof,0.0010014154119687673,0.0014532061068878058,0.0004517906949190384
China,Import,42,"Articles of leather; saddlery and harness; travel goods, handbags and similar containers; articles of animal gut (other than silk-worm gut)",0.0021193993218739235,0.0022826820446551262,0.00016328272278120278
China,Import,57,Carpets and other textile floor coverings,0.0003131185746007507,0.00045984226161553833,0.00014672368701478764
China,Import,25,"Salt; sulphur; earths, stone; plastering materials, lime and cement",0.001734768962809582,0.0018613181989149544,0.00012654923610537234
China,Import,35,Albuminoidal substances; modified starches; glues; enzymes,0.002371717511472924,0.002470798275487528,9.908076401460384e-05
China,Import,32,"Tanning or dyeing extracts; tannins and their derivatives; dyes, pigments and other colouring matter; paints, varnishes; putty, other mastics; inks",0.008856993910976177,0.008945732185796097,8.873827481991996e-05
China,Import,60,Fabrics; knitted or crocheted,0.005075363988418857,0.0051493584590283714,7.399447060951487e-05
China,Import,83,Metal; miscellaneous products of base metal,0.004952369113338418,0.005012975998740843,6.0606885402424496e-05
China,Import,67,"Feathers and down, prepared; and articles made of feather or of down; artificial flowers; articles of human hair",0.0001915070318989282,0.000247077833393572,5.557080149464378e-05
China,Import,8,"Fruit and nuts, edible; peel of citrus fruit or melons",0.00023370350078479068,0.0002778743499116333,4.417084912684263e-05
China,Import,51,"Wool, fine or coarse animal hair; horsehair yarn and woven fabric",0.00044444367601976506,0.0004877121657587088,4.326848973894374e-05
China,Import,80,Tin; articles thereof,5.0300550942250754e-05,9.15358667940344e-05,4.1235315851783646e-05
China,Import,6,"Trees and other plants, live; bulbs, roots and the like; cut flowers and ornamental foliage",5.18650664492468e-05,9.049634956976763e-05,3.863128312052083e-05
China,Import,49,"Printed books, newspapers, pictures and other products of the printing industry; manuscripts, typescripts and plans",0.00025310739950676824,0.0002882633950936463,3.515599558687806e-05
China,Import,66,"Umbrellas, sun umbrellas, walking-sticks, seat sticks, whips, riding crops; and parts thereof",0.00036934185122526137,0.0003830596329929541,1.371778176769274e-05
China,Import,36,Explosives; pyrotechnic products; matches; pyrophoric alloys; certain combustible preparations,5.417785164091492e-08,1.3639224955849681e-05,1.3585047104208766e-05
China,Import,45,Cork and articles of cork,6.7131887783417855e-06,1.1478906280997501e-05,4.7657175026557154e-06
China,Import,17,Sugars and sugar confectionery,6.959381709570748e-05,7.433274604083862e-05,4.738928945131139e-06
China,Import,93,Arms and ammunition; parts and accessories thereof,9.24055596326151e-07,2.5036450376817e-06,1.579589441355549e-06
China,Import,1,Animals; live,6.744287359139122e-07,1.439363654703889e-06,7.649349187899768e-07
China,Import,43,Furskins and artificial fur; manufactures thereof,1.6088814006059754e-05,1.6291106113229766e-05,2.0229210717001138e-07
China,Import,18,Cocoa and cocoa preparations,1.1872611499246666e-05,1.19620775952792e-05,8.946609603253326e-08
China,Import,10,Cereals,6.357072816584121e-07,4.534385460642281e-07,-1.82268735594184e-07
China,Import,19,"Preparations of cereals, flour, starch or milk; pastrycooks' products",9.573173649201682e-06,9.253792214618727e-06,-3.193814345829544e-07
China,Import,22,"Beverages, spirits and vinegar",4.2150527848522895e-05,3.785970641470639e-05,-4.290821433816503e-06
China,Import,46,"Manufactures of straw, esparto or other plaiting materials; basketware and wickerwork",4.040313679836583e-05,3.3981739271228285e-05,-6.421397527137542e-06
China,Import,53,Vegetable textile fibres; paper yarn and woven fabrics of paper yarn,0.000869407861398421,0.0008566059794626024,-1.2801881935818648e-05
China,Import,12,"Oil seeds and oleaginous fruits; miscellaneous grains, seeds and fruit, industrial or medicinal plants; straw and fodder",0.0001787380803233332,0.00016261999021735784,-1.611809010597536e-05
China,Import,58,"Fabrics; special woven fabrics, tufted textile fabrics, lace, tapestries, trimmings, embroidery",0.0010357408471810164,0.0010194870761459046,-1.625377103511177e-05
China,Import,21,Miscellaneous edible preparations,0.00041914049570658854,0.00039615380715214373,-2.298668855444481e-05
China,Import,3,"Fish and crustaceans, molluscs and other aquatic invertebrates",3.3220613842824285e-05,5.6922326243317626e-06,-2.7528381218492522e-05
China,Import,79,Zinc and articles thereof,9.190760226423336e-05,5.292177292106093e-05,-3.8985829343172425e-05
China,Import,97,Works of art; collectors' pieces and antiques,8.158812146958781e-05,4.20686113988614e-05,-3.951951007072641e-05
China,Import,5,Animal originated products; not elsewhere specified or included,8.076193441113856e-05,3.725140886070629e-05,-4.351052555043227e-05
China,Import,11,"Products of the milling industry; malt, starches, inulin, wheat gluten",0.00017786285517584308,0.00013167400711562108,-4.6188848060221995e-05
China,Import,81,"Metals; n.e.c., cermets and articles thereof",0.0028341927486816715,0.002787895786976676,-4.629696170499551e-05
China,Import,13,"Lac; gums, resins and other vegetable saps and extracts",0.00045090601723302246,0.000401087790743494,-4.981822648952844e-05
China,Import,78,Lead and articles thereof,6.322499970763242e-05,6.165969399546947e-06,-5.705903030808547e-05
China,Import,9,"Coffee, tea, mate and spices",0.00022461262422495903,0.00015922487621795192,-6.538774800700711e-05
China,Import,37,Photographic or cinematographic goods,0.000568681445399566,0.00047715063234312976,-9.153081305643624e-05
China,Import,65,Headgear and parts thereof,0.00029209758370860414,0.0001989409479016375,-9.315663580696665e-05
China,Import,40,Rubber and articles thereof,0.003336396678969578,0.003229562770097748,-0.00010683390887182998
China,Import,41,Raw hides and skins (other than furskins) and leather,0.00040607138309721414,0.0002814992742380595,-0.00012457210885915464
China,Import,33,"Essential oils and resinoids; perfumery, cosmetic or toilet preparations",0.0023083471408833576,0.002177564611780556,-0.0001307825291028018
China,Import,47,Pulp of wood or other fibrous cellulosic material; recovered (waste and scrap) paper or paperboard,0.00036150562108745423,0.00020919228470706286,-0.00015231333638039137
China,Import,92,Musical instruments; parts and accessories of such articles,0.0004404062099087518,0.00028671521664443643,-0.00015369099326431536
China,Import,86,"Railway, tramway locomotives, rolling-stock and parts thereof; railway or tramway track fixtures and fittings and parts thereof; mechanical (including electro-mechanical) traffic signalling equipment of all kinds",0.0033547502671906317,0.0031929618400435324,-0.00016178842714709932
China,Import,54,Man-made filaments; strip and the like of man-made textile materials,0.007590619915878685,0.007362820007703539,-0.00022779990817514608
China,Import,20,"Preparations of vegetables, fruit, nuts or other parts of plants",0.000415308747551104,0.0001449735317983342,-0.00027033521575276984
China,Import,23,"Food industries, residues and wastes thereof; prepared animal fodder",0.0010258292756793175,0.0007053373879405034,-0.0003204918877388141
China,Import,44,Wood and articles of wood; wood charcoal,0.0016620319958632465,0.0013146952609324788,-0.0003473367349307677
China,Import,52,Cotton,0.0011214314205673884,0.0007665678029338568,-0.00035486361763353163
China,Import,56,"Wadding, felt and nonwovens, special yarns; twine, cordage, ropes and cables and articles thereof",0.0016570002400309446,0.0012871973957215507,-0.0003698028443093939
China,Import,50,Silk,0.0009633547538297468,0.0005346317746002528,-0.000428722979229494
China,Import,34,"Soap, organic surface-active agents; washing, lubricating, polishing or scouring preparations; artificial or prepared waxes, candles and similar articles, modelling pastes, dental waxes and dental preparations with a basis of plaster",0.0018488602610774293,0.0012894255072480817,-0.0005594347538293476
China,Import,7,Vegetables and certain roots and tubers; edible,0.0008293522379919012,0.0002646600258016048,-0.0005646922121902965
China,Import,14,Vegetable plaiting materials; vegetable products not elsewhere specified or included,0.0011473973111339449,0.000513626672942235,-0.0006337706381917098
China,Import,69,Ceramic products,0.004585073483575258,0.003926671755348593,-0.000658401728226665
China,Import,61,Apparel and clothing accessories; knitted or crocheted,0.0023094223003333548,0.0015988503708663662,-0.0007105719294669885
China,Import,28,"Inorganic chemicals; organic and inorganic compounds of precious metals; of rare earth metals, of radio-active elements and of isotopes",0.010545054063174387,0.009736374163237893,-0.0008086798999364948
China,Import,82,"Tools, implements, cutlery, spoons and forks, of base metal; parts thereof, of base metal",0.005544006829708015,0.004729138331295471,-0.0008148684984125437
China,Import,59,"Textile fabrics; impregnated, coated, covered or laminated; textile articles of a kind suitable for industrial use",0.004968833802680788,0.0035609450696604556,-0.0014078887330203323
China,Import,96,Miscellaneous manufactured articles,0.004997080396947412,0.0034668295013336654,-0.0015302508956137463
China,Import,30,Pharmaceutical products,0.003143954561355889,0.0015455930084523842,-0.0015983615529035046
China,Import,62,Apparel and clothing accessories; not knitted or crocheted,0.0028522683522305857,0.0011922761223960338,-0.0016599922298345519
China,Import,64,Footwear; gaiters and the like; parts of such articles,0.003259490174190682,0.0015682119913537362,-0.001691278182836946
China,Import,27,"Mineral fuels, mineral oils and products of their distillation; bituminous substances; mineral waxes",0.004911666993114846,0.0031633800846495343,-0.0017482869084653116
China,Import,68,"Stone, plaster, cement, asbestos, mica or similar materials; articles thereof",0.005856536428284324,0.00406794052656951,-0.0017885959017148135
China,Import,95,"Toys, games and sports requisites; parts and accessories thereof",0.0050135282358679326,0.0027820627557645305,-0.002231465480103402
China,Import,63,"Textiles, made up articles; sets; worn clothing and worn textile articles; rags",0.0037796677973680136,0.00147213729135583,-0.002307530506012184
China,Import,94,"Furniture; bedding, mattresses, mattress supports, cushions and similar stuffed furnishings; lamps and lighting fittings, n.e.c.; illuminated signs, illuminated name-plates and the like; prefabricated buildings",0.00973080211192938,0.006723282865296748,-0.003007519246632631
China,Import,55,Man-made staple fibres,0.005353278349782729,0.0019624059927984684,-0.003390872356984261
China,Import,73,Iron or steel articles,0.020995270124898043,0.017248393692832497,-0.003746876432065546
China,Import,87,"Vehicles; other than railway or tramway rolling stock, and parts and accessories thereof",0.02045957382013115,0.016318291528718238,-0.004141282291412911
China,Import,90,"Optical, photographic, cinematographic, measuring, checking, medical or surgical instruments and apparatus; parts and accessories",0.026831607435061754,0.022474493393845225,-0.004357114041216529
China,Import,99,Commodities not specified according to kind,0.0061293408931213265,0.0006327835040687151,-0.005496557389052611
China,Import,38,Chemical products n.e.c.,0.02110551781434816,0.012497048428976134,-0.008608469385372025
China,Import,31,Fertilizers,0.028460271863209416,0.006727274198149355,-0.02173299766506006
China,Import,29,Organic chemicals,0.13942790155221094,0.08762226838356554,-0.05180563316864539
China,Import,15,Animal or vegetable fats and oils and their cleavage products; prepared animal fats; animal or vegetable waxes,0.00017511801675624669,,
China,Import,15,"Animal, vegetable or microbial fats and oils and their cleavage products; prepared edible fats; animal or vegetable waxes",,0.00013102503310394247,
China,Import,16,"Meat, fish or crustaceans, molluscs or other aquatic invertebrates; preparations thereof",2.511747916931833e-05,,
China,Import,16,"Meat, fish, crustaceans, molluscs or other aquatic invertebrates, or insects; preparations thereof",,3.5682248371586423e-06,
China,Import,24,Tobacco and manufactured tobacco substitutes,0.00011770020383979362,,
China,Import,24,"Tobacco and manufactured tobacco substitutes; products, whether or not containing nicotine, intended for inhalation without combustion; other nicotine containing products intended for the intake of nicotine into the human body",,1.174601720542098e-06,
China,Import,84,"Machinery and mechanical appliances, boilers, nuclear reactors; parts thereof",,0.21264147227583768,
China,Import,84,"Nuclear reactors, boilers, machinery and mechanical appliances; parts thereof",0.21040390538283563,,
China,Import,88,"Aircraft, spacecraft and parts thereof",6.97366774342631e-05,,
China,Import,88,"Aircraft, spacecraft, and parts thereof",,0.00012378828713918518,
European Union,Export,85,"Electrical machinery and equipment and parts thereof; sound recorders and reproducers; television image and sound recorders and reproducers, parts and accessories of such articles",0.07380212420015951,0.16453066770682973,0.09072854350667021
European Union,Export,27,"Mineral fuels, mineral oils and products of their distillation; bituminous substances; mineral waxes",0.03702102609033406,0.09948770256412577,0.06246667647379171
European Union,Export,29,Organic chemicals,0.1336597560518755,0.15676892529794886,0.02310916924607337
European Union,Export,72,Iron and steel,0.05216889552406027,0.055156663292758895,0.002987767768698628
European Union,Export,76,Aluminium and articles thereof,0.009500464446084045,0.011930959393854237,0.0024304949477701922
European Union,Export,23,"Food industries, residues and wastes thereof; prepared animal fodder",0.0017721762887130742,0.0032573600465149954,0.0014851837578019212
European Union,Export,93,Arms and ammunition; parts and accessories thereof,0.00021486522513817921,0.001059595841697436,0.0008447306165592567
European Union,Export,48,"Paper and paperboard; articles of paper pulp, of paper or paperboard",0.0021260700995907066,0.002801586034301813,0.0006755159347111065
European Union,Export,36,Explosives; pyrotechnic products; matches; pyrophoric alloys; certain combustible preparations,9.102363376151545e-05,0.0006920511949568406,0.0006010275611953251
European Union,Export,28,"Inorganic chemicals; organic and inorganic compounds of precious metals; of rare earth metals, of radio-active elements and of isotopes",0.004223230935114826,0.004790352865658488,0.0005671219305436615
European Union,Export,9,"Coffee, tea, mate and spices",0.011153328985237954,0.01159716963516007,0.0004438406499221153
European Union,Export,74,Copper and articles thereof,0.0018516091442040891,0.0022453884044431544,0.00039377926023906524
European Union,Export,75,Nickel and articles thereof,0.00020952631007297058,0.0005000091242067748,0.0002904828141338042
European Union,Export,86,"Railway, tramway locomotives, rolling-stock and parts thereof; railway or tramway track fixtures and fittings and parts thereof; mechanical (including electro-mechanical) traffic signalling equipment of all kinds",0.0005698826879385823,0.0007976810245161072,0.00022779833657752494
European Union,Export,19,"Preparations of cereals, flour, starch or milk; pastrycooks' products",0.0003108205879109038,0.0005244466266122917,0.00021362603870138792
European Union,Export,89,"Ships, boats and floating structures",1.6758791528957566e-05,0.00016191845169957755,0.00014515966017061998
European Union,Export,79,Zinc and articles thereof,6.568741110924193e-05,0.00018846557979044517,0.00012277816868120324
European Union,Export,78,Lead and articles thereof,6.828985697187585e-05,0.00012594485324110192,5.7654996269226066e-05
European Union,Export,81,"Metals; n.e.c., cermets and articles thereof",0.0003836096206102635,0.0004260414418394324,4.243182122916887e-05
European Union,Export,66,"Umbrellas, sun umbrellas, walking-sticks, seat sticks, whips, riding crops; and parts thereof",2.512366124096204e-05,4.835076012017143e-05,2.3227098879209392e-05
European Union,Export,92,Musical instruments; parts and accessories of such articles,0.00016669153349651596,0.00018832456018898496,2.1633026692468996e-05
European Union,Export,11,"Products of the milling industry; malt, starches, inulin, wheat gluten",0.00019763837217349453,0.00021289086780617558,1.5252495632681051e-05
European Union,Export,97,Works of art; collectors' pieces and antiques,4.728888195653168e-05,6.204362783311474e-05,1.4754745876583053e-05
European Union,Export,4,"Dairy produce; birds' eggs; natural honey; edible products of animal origin, not elsewhere specified or included",2.7160870412712783e-05,4.0573969005862407e-05,1.3413098593149624e-05
European Union,Export,80,Tin; articles thereof,2.030156275401695e-05,3.187166861136126e-05,1.1570105857344306e-05
European Union,Export,1,Animals; live,2.1694662160294782e-07,8.648857989740562e-07,6.479391773711084e-07
European Union,Export,37,Photographic or cinematographic goods,9.74402168588816e-07,1.4883639410642896e-06,5.139617724754736e-07
European Union,Export,2,Meat and edible meat offal,5.785933824240232e-10,1.8259756373744164e-10,-3.959958186865816e-10
European Union,Export,45,Cork and articles of cork,5.3139741182687845e-06,4.457505634750116e-06,-8.564684835186682e-07
European Union,Export,47,Pulp of wood or other fibrous cellulosic material; recovered (waste and scrap) paper or paperboard,2.963465280002612e-06,5.337865847301879e-07,-2.429678695272424e-06
European Union,Export,46,"Manufactures of straw, esparto or other plaiting materials; basketware and wickerwork",0.00024610441187096266,0.0002425539679109799,-3.550443959982768e-06
European Union,Export,43,Furskins and artificial fur; manufactures thereof,6.177305334184505e-05,2.4118615647505488e-05,-3.765443769433957e-05
European Union,Export,65,Headgear and parts thereof,0.0002544098374669848,0.00021198145082033723,-4.242838664664757e-05
European Union,Export,59,"Textile fabrics; impregnated, coated, covered or laminated; textile articles of a kind suitable for industrial use",0.0006701363589571868,0.0006146373340662856,-5.549902489090117e-05
European Union,Export,58,"Fabrics; special woven fabrics, tufted textile fabrics, lace, tapestries, trimmings, embroidery",0.001332705136160712,0.0012636302788572328,-6.907485730347921e-05
European Union,Export,60,Fabrics; knitted or crocheted,0.00014846573331706245,7.577806259478601e-05,-7.268767072227644e-05
European Union,Export,50,Silk,0.0002626036226796151,0.00018659433620430745,-7.600928647530765e-05
European Union,Export,51,"Wool, fine or coarse animal hair; horsehair yarn and woven fabric",0.0006049255665228154,0.0005263494084740346,-7.857615804878078e-05
European Union,Export,49,"Printed books, newspapers, pictures and other products of the printing industry; manuscripts, typescripts and plans",0.0007874354748529011,0.0006936683724017998,-9.376710245110134e-05
European Union,Export,22,"Beverages, spirits and vinegar",0.00018061266076939417,7.274703186343226e-05,-0.0001078656289059619
European Union,Export,34,"Soap, organic surface-active agents; washing, lubricating, polishing or scouring preparations; artificial or prepared waxes, candles and similar articles, modelling pastes, dental waxes and dental preparations with a basis of plaster",0.0011737247090289648,0.0010629572489740172,-0.0001107674600549476
European Union,Export,91,Clocks and watches and parts thereof,0.00026540647922555224,0.00011081095202796128,-0.00015459552719759097
European Union,Export,18,Cocoa and cocoa preparations,0.0004385223004129126,0.00027957764125240516,-0.00015894465916050743
European Union,Export,67,"Feathers and down, prepared; and articles made of feather or of down; artificial flowers; articles of human hair",0.00042133862970489093,0.0002501795433398972,-0.0001711590863649937
European Union,Export,31,Fertilizers,0.0003094763045447032,0.0001274178561994253,-0.0001820584483452779
European Union,Export,35,Albuminoidal substances; modified starches; glues; enzymes,0.0007681659616523717,0.0005486964003600127,-0.00021946956129235897
European Union,Export,6,"Trees and other plants, live; bulbs, roots and the like; cut flowers and ornamental foliage",0.0006536370263267549,0.0003936455695311471,-0.0002599914567956078
European Union,Export,44,Wood and articles of wood; wood charcoal,0.001738541400999536,0.0014532210336856547,-0.0002853203673138813
European Union,Export,56,"Wadding, felt and nonwovens, special yarns; twine, cordage, ropes and cables and articles thereof",0.0011734269403444876,0.0008135325596542892,-0.00035989438069019837
European Union,Export,5,Animal originated products; not elsewhere specified or included,0.0007781597886550226,0.00035904406551217217,-0.00041911572314285047
European Union,Export,54,Man-made filaments; strip and the like of man-made textile materials,0.003058733674837045,0.0026202442415963834,-0.00043848943324066147
European Union,Export,26,"Ores, slag and ash",0.0007952761279609612,0.000260796694359472,-0.0005344794336014892
European Union,Export,13,"Lac; gums, resins and other vegetable saps and extracts",0.003547172396273264,0.002987642097557256,-0.000559530298716008
European Union,Export,21,Miscellaneous edible preparations,0.002954435916588432,0.0023527458462099635,-0.0006016900703784685
European Union,Export,20,"Preparations of vegetables, fruit, nuts or other parts of plants",0.003984059983790337,0.0033580095281332367,-0.0006260504556571005
European Union,Export,14,Vegetable plaiting materials; vegetable products not elsewhere specified or included,0.001373945489050984,0.0007338582637767105,-0.0006400872252742735
European Union,Export,25,"Salt; sulphur; earths, stone; plastering materials, lime and cement",0.002835770865300645,0.00218771237359734,-0.0006480584917033048
European Union,Export,53,Vegetable textile fibres; paper yarn and woven fabrics of paper yarn,0.0017582857970680908,0.0010745580747797522,-0.0006837277222883386
European Union,Export,95,"Toys, games and sports requisites; parts and accessories thereof",0.0025679924079035766,0.0018728379832681453,-0.0006951544246354313
European Union,Export,69,Ceramic products,0.006237502782488481,0.005537203028666953,-0.0007002997538215283
European Union,Export,96,Miscellaneous manufactured articles,0.0019276495440780283,0.0012162373679780476,-0.0007114121760999808
European Union,Export,17,Sugars and sugar confectionery,0.0011683044542050403,0.00030075047114887156,-0.0008675539830561688
European Union,Export,7,Vegetables and certain roots and tubers; edible,0.003475270639943162,0.0026069936808016847,-0.0008682769591414775
European Union,Export,10,Cereals,0.004933303652805743,0.0038762527440817924,-0.0010570509087239502
European Union,Export,82,"Tools, implements, cutlery, spoons and forks, of base metal; parts thereof, of base metal",0.005065057613902841,0.003806894855741749,-0.0012581627581610922
European Union,Export,83,Metal; miscellaneous products of base metal,0.004807180680723979,0.0035247426562814493,-0.00128243802444253
European Union,Export,70,Glass and glassware,0.004419493383337964,0.003057425732146955,-0.001362067651191009
European Union,Export,33,"Essential oils and resinoids; perfumery, cosmetic or toilet preparations",0.0051603334501711465,0.003727476958221734,-0.0014328564919494123
European Union,Export,41,Raw hides and skins (other than furskins) and leather,0.0028905063090712687,0.0014415723405858645,-0.0014489339684854042
European Union,Export,55,Man-made staple fibres,0.004040744384182037,0.002522588154757533,-0.0015181562294245038
European Union,Export,38,Chemical products n.e.c.,0.009208185820603997,0.007388746973124383,-0.0018194388474796139
European Union,Export,99,Commodities not specified according to kind,0.001873805031009673,1.6549750018003203e-05,-0.0018572552809916697
European Union,Export,90,"Optical, photographic, cinematographic, measuring, checking, medical or surgical instruments and apparatus; parts and accessories",0.0157944088582612,0.013201058349776612,-0.002593350508484589
European Union,Export,12,"Oil seeds and oleaginous fruits; miscellaneous grains, seeds and fruit, industrial or medicinal plants; straw and fodder",0.0075641614908284185,0.004841346067729102,-0.002722815423099317
European Union,Export,57,Carpets and other textile floor coverings,0.008833275625524063,0.005847185925993554,-0.002986089699530509
European Union,Export,87,"Vehicles; other than railway or tramway rolling stock, and parts and accessories thereof",0.030474852269958365,0.02743734406216467,-0.0030375082077936932
European Union,Export,68,"Stone, plaster, cement, asbestos, mica or similar materials; articles thereof",0.008252173867679097,0.004599029261494445,-0.0036531446061846516
European Union,Export,40,Rubber and articles thereof,0.022847946429821263,0.018958746226551377,-0.003889200203269886
European Union,Export,8,"Fruit and nuts, edible; peel of citrus fruit or melons",0.008997220823081499,0.004300420758249694,-0.004696800064831805
European Union,Export,52,Cotton,0.011497231496694602,0.005759895456197127,-0.005737336040497475
European Union,Export,73,Iron or steel articles,0.030618361972808206,0.024353804110060166,-0.00626455786274804
European Union,Export,3,"Fish and crustaceans, molluscs and other aquatic invertebrates",0.01768896965736119,0.011380552692758145,-0.006308416964603044
European Union,Export,32,"Tanning or dyeing extracts; tannins and their derivatives; dyes, pigments and other colouring matter; paints, varnishes; putty, other mastics; inks",0.014694708078390394,0.007724862649761948,-0.006969845428628446
European Union,Export,94,"Furniture; bedding, mattresses, mattress supports, cushions and similar stuffed furnishings; lamps and lighting fittings, n.e.c.; illuminated signs, illuminated name-plates and the like; prefabricated buildings",0.017074237518834752,0.009677105982395177,-0.0073971315364395746
European Union,Export,30,Pharmaceutical products,0.045427591830115396,0.03732608970069305,-0.008101502129422344
European Union,Export,63,"Textiles, made up articles; sets; worn clothing and worn textile articles; rags",0.024856244570969476,0.015525067672276089,-0.009331176898693387
European Union,Export,39,Plastics and articles thereof,0.025105931799658296,0.01572939215144972,-0.009376539648208577
European Union,Export,64,Footwear; gaiters and the like; parts of such articles,0.025855260435981922,0.015451534103865976,-0.010403726332115946
European Union,Export,42,"Articles of leather; saddlery and harness; travel goods, handbags and similar containers; articles of animal gut (other than silk-worm gut)",0.026407911550769003,0.015731204006096365,-0.010676707544672637
European Union,Export,62,Apparel and clothing accessories; not knitted or crocheted,0.04230821953421908,0.02928736392593056,-0.013020855608288518
European Union,Export,71,"Natural, cultured pearls; precious, semi-precious stones; precious metals, metals clad with precious metal, and articles thereof; imitation jewellery; coin",0.05086287162479531,0.034648628477228396,-0.016214243147566913
European Union,Export,61,Apparel and clothing accessories; knitted or crocheted,0.04751934383066632,0.02943659506020553,-0.018082748770460788
European Union,Export,15,Animal or vegetable fats and oils and their cleavage products; prepared animal fats; animal or vegetable waxes,0.007118571310681728,,
European Union,Export,15,"Animal, vegetable or microbial fats and oils and their cleavage products; prepared edible fats; animal or vegetable waxes",,0.004384479337529052,
European Union,Export,16,"Meat, fish or crustaceans, molluscs or other aquatic invertebrates; preparations thereof",0.0007087867212272353,,
European Union,Export,16,"Meat, fish, crustaceans, molluscs or other aquatic invertebrates, or insects; preparations thereof",,0.0004777146366664222,
European Union,Export,24,Tobacco and manufactured tobacco substitutes,0.0047733108791580955,,
European Union,Export,24,"Tobacco and manufactured tobacco substitutes; products, whether or not containing nicotine, intended for inhalation without combustion; other nicotine containing products intended for the intake of nicotine into the human body",,0.004707269547701268,
European Union,Export,84,"Machinery and mechanical appliances, boilers, nuclear reactors; parts thereof",,0.07372289398329303,
European Union,Export,84,"Nuclear reactors, boilers, machinery and mechanical appliances; parts thereof",0.08222932258684611,,
European Union,Export,88,"Aircraft, spacecraft and parts thereof",0.0024336832943051205,,
European Union,Export,88,"Aircraft, spacecraft, and parts thereof",,0.0020731047494427592,
European Union,Import,87,"Vehicles; other than railway or tramway rolling stock, and parts and accessories thereof",0.022742212690010394,0.03253711149566237,0.009794898805651979
European Union,Import,90,"Optical, photographic, cinematographic, measuring, checking, medical or surgical instruments and apparatus; parts and accessories",0.06343937123659557,0.07185855327719312,0.00841918204059755
European Union,Import,74,Copper and articles thereof,0.011012328849326259,0.016489924247100274,0.005477595397774015
European Union,Import,76,Aluminium and articles thereof,0.011991591948722884,0.01709448638240302,0.005102894433680137
European Union,Import,85,"Electrical machinery and equipment and parts thereof; sound recorders and reproducers; television image and sound recorders and reproducers, parts and accessories of such articles",0.09306206936047057,0.09740275125640252,0.004340681895931953
European Union,Import,53,Vegetable textile fibres; paper yarn and woven fabrics of paper yarn,0.0014731760788936773,0.0045944224115099085,0.0031212463326162313
European Union,Import,33,"Essential oils and resinoids; perfumery, cosmetic or toilet preparations",0.004505015320487981,0.006943149047300285,0.0024381337268123042
European Union,Import,47,Pulp of wood or other fibrous cellulosic material; recovered (waste and scrap) paper or paperboard,0.008242367945602342,0.010455404581495265,0.002213036635892923
European Union,Import,22,"Beverages, spirits and vinegar",0.001487726095389398,0.0033803241693774015,0.0018925980739880036
European Union,Import,40,Rubber and articles thereof,0.009756513127494131,0.011560354483656958,0.0018038413561628271
European Union,Import,79,Zinc and articles thereof,0.0007883636362179204,0.0021090361013372744,0.001320672465119354
European Union,Import,34,"Soap, organic surface-active agents; washing, lubricating, polishing or scouring preparations; artificial or prepared waxes, candles and similar articles, modelling pastes, dental waxes and dental preparations with a basis of plaster",0.0054818455480326505,0.006531048206798787,0.0010492026587661362
European Union,Import,7,Vegetables and certain roots and tubers; edible,0.00021786399067554032,0.0010848219227418637,0.0008669579320663234
European Union,Import,55,Man-made staple fibres,0.0024095683679498424,0.003235183377128101,0.0008256150091782584
European Union,Import,94,"Furniture; bedding, mattresses, mattress supports, cushions and similar stuffed furnishings; lamps and lighting fittings, n.e.c.; illuminated signs, illuminated name-plates and the like; prefabricated buildings",0.0049125780986212396,0.005665944844007453,0.0007533667453862138
European Union,Import,18,Cocoa and cocoa preparations,0.0006056542942830531,0.0012710590446862935,0.0006654047504032404
European Union,Import,25,"Salt; sulphur; earths, stone; plastering materials, lime and cement",0.002080725783034087,0.0026951261880534647,0.0006144004050193776
European Union,Import,83,Metal; miscellaneous products of base metal,0.0034021759283862957,0.004009230381721211,0.0006070544533349153
European Union,Import,44,Wood and articles of wood; wood charcoal,0.00429314102546104,0.004876869239595541,0.0005837282141345013
European Union,Import,75,Nickel and articles thereof,0.0025502598290568553,0.003092446968080714,0.0005421871390238588
European Union,Import,68,"Stone, plaster, cement, asbestos, mica or similar materials; articles thereof",0.003219837049761716,0.00374968773676393,0.0005298506870022139
European Union,Import,81,"Metals; n.e.c., cermets and articles thereof",0.0015390885477128322,0.0019793648517021597,0.0004402763039893275
European Union,Import,69,Ceramic products,0.0036371513287580415,0.004008782813720584,0.0003716314849625422
European Union,Import,54,Man-made filaments; strip and the like of man-made textile materials,0.0007735597092751177,0.0011292448824403354,0.00035568517316521763
European Union,Import,6,"Trees and other plants, live; bulbs, roots and the like; cut flowers and ornamental foliage",0.00033821880864593753,0.0006760049765564621,0.0003377861679105246
European Union,Import,42,"Articles of leather; saddlery and harness; travel goods, handbags and similar containers; articles of animal gut (other than silk-worm gut)",0.0005769292746597256,0.0008858096045556651,0.00030888032989593943
European Union,Import,78,Lead and articles thereof,0.00044334140504191264,0.0007371930861143058,0.0002938516810723932
European Union,Import,49,"Printed books, newspapers, pictures and other products of the printing industry; manuscripts, typescripts and plans",0.0006521366604765503,0.000894415586167913,0.00024227892569136272
European Union,Import,37,Photographic or cinematographic goods,0.0009106887414396961,0.0011471259750582452,0.00023643723361854913
European Union,Import,97,Works of art; collectors' pieces and antiques,0.00015120307779543154,0.0003751566770856908,0.00022395359929025928
European Union,Import,51,"Wool, fine or coarse animal hair; horsehair yarn and woven fabric",0.00034097977597091647,0.0005172688125942346,0.00017628903662331814
European Union,Import,91,Clocks and watches and parts thereof,0.00018225457149559306,0.00033245921479576343,0.00015020464330017038
European Union,Import,17,Sugars and sugar confectionery,0.001957172207430934,0.002096066064269058,0.00013889385683812407
European Union,Import,8,"Fruit and nuts, edible; peel of citrus fruit or melons",0.0012916026904027415,0.0014284758164753394,0.00013687312607259792
European Union,Import,35,Albuminoidal substances; modified starches; glues; enzymes,0.004658163495594835,0.0047870996958090635,0.0001289362002142285
European Union,Import,59,"Textile fabrics; impregnated, coated, covered or laminated; textile articles of a kind suitable for industrial use",0.0014208473094294448,0.0015488601988710743,0.00012801288944162955
European Union,Import,20,"Preparations of vegetables, fruit, nuts or other parts of plants",0.0003167044706550133,0.00043030321043429736,0.00011359873977928407
European Union,Import,21,Miscellaneous edible preparations,0.000877949588772326,0.000981257690553919,0.00010330810178159312
European Union,Import,23,"Food industries, residues and wastes thereof; prepared animal fodder",0.0014734905902499486,0.001566441069624299,9.295047937435039e-05
European Union,Import,93,Arms and ammunition; parts and accessories thereof,0.000591161779402701,0.0006706104432010855,7.944866379838451e-05
European Union,Import,9,"Coffee, tea, mate and spices",0.0005747949561643546,0.0006266921273667881,5.189717120243349e-05
European Union,Import,36,Explosives; pyrotechnic products; matches; pyrophoric alloys; certain combustible preparations,0.0002449364325949289,0.00029452058028996885,4.958414769503993e-05
European Union,Import,57,Carpets and other textile floor coverings,0.00022896826297441717,0.00027406909096450616,4.510082799008899e-05
European Union,Import,31,Fertilizers,0.0021004741887068017,0.002144885509261396,4.441132055459443e-05
European Union,Import,89,"Ships, boats and floating structures",0.0005506125304480149,0.0005914950044873815,4.0882474039366686e-05
European Union,Import,19,"Preparations of cereals, flour, starch or milk; pastrycooks' products",0.0002967492042838093,0.0003323742495941448,3.562504531033552e-05
European Union,Import,10,Cereals,0.00011871038413372477,0.00014706046207701515,2.8350077943290383e-05
European Union,Import,2,Meat and edible meat offal,4.0284853655790244e-05,6.18300515334936e-05,2.1545197877703356e-05
European Union,Import,50,Silk,1.088135467447059e-05,2.4471932273291128e-05,1.3590577598820537e-05
European Union,Import,80,Tin; articles thereof,5.599149649149464e-05,6.605620900619475e-05,1.006471251470011e-05
European Union,Import,46,"Manufactures of straw, esparto or other plaiting materials; basketware and wickerwork",1.1508465063543513e-05,1.6142604763702132e-05,4.634139700158619e-06
European Union,Import,45,Cork and articles of cork,0.00011432229283841757,0.00011774230505970669,3.4200122212891165e-06
European Union,Import,56,"Wadding, felt and nonwovens, special yarns; twine, cordage, ropes and cables and articles thereof",0.0009549817603893866,0.0009578718656333914,2.890105244004776e-06
European Union,Import,65,Headgear and parts thereof,5.33821303079531e-05,5.495692065053302e-05,1.5747903425799241e-06
European Union,Import,67,"Feathers and down, prepared; and articles made of feather or of down; artificial flowers; articles of human hair",4.178790743806867e-06,3.6941918329328214e-06,-4.845989108740457e-07
European Union,Import,66,"Umbrellas, sun umbrellas, walking-sticks, seat sticks, whips, riding crops; and parts thereof",5.687581438728123e-06,4.411486483178269e-06,-1.276094955549854e-06
European Union,Import,14,Vegetable plaiting materials; vegetable products not elsewhere specified or included,3.1541806933286797e-06,1.1642612505514011e-06,-1.9899194427772783e-06
European Union,Import,92,Musical instruments; parts and accessories of such articles,2.487293955861462e-05,2.0993103412720722e-05,-3.879836145893898e-06
European Union,Import,43,Furskins and artificial fur; manufactures thereof,4.884893317977552e-05,3.553479525056285e-05,-1.331413792921267e-05
European Union,Import,58,"Fabrics; special woven fabrics, tufted textile fabrics, lace, tapestries, trimmings, embroidery",0.00024093393835912955,0.0002245029977662792,-1.6430940592850355e-05
European Union,Import,4,"Dairy produce; birds' eggs; natural honey; edible products of animal origin, not elsewhere specified or included",0.0006970973113280685,0.0006625306020371153,-3.456670929095321e-05
European Union,Import,26,"Ores, slag and ash",0.0007948784956409492,0.0007589103465340212,-3.596814910692802e-05
European Union,Import,3,"Fish and crustaceans, molluscs and other aquatic invertebrates",8.614047215121584e-05,4.374493779232288e-05,-4.239553435889296e-05
European Union,Import,95,"Toys, games and sports requisites; parts and accessories thereof",0.0009491571840000166,0.0008991578299311963,-4.999935406882028e-05
European Union,Import,60,Fabrics; knitted or crocheted,0.00026231085279610145,0.00020800196947342496,-5.430888332267649e-05
European Union,Import,52,Cotton,0.00039468291294370814,0.0003291291447390161,-6.555376820469207e-05
European Union,Import,1,Animals; live,0.00012686614949629474,5.80504624789053e-05,-6.881568701738944e-05
European Union,Import,5,Animal originated products; not elsewhere specified or included,0.00024242696887794246,0.00016573752137658178,-7.668944750136069e-05
European Union,Import,11,"Products of the milling industry; malt, starches, inulin, wheat gluten",0.00034634193262713243,0.00024383276723310382,-0.00010250916539402861
European Union,Import,64,Footwear; gaiters and the like; parts of such articles,0.000823381026243181,0.0007048322571073088,-0.00011854876913587218
European Union,Import,63,"Textiles, made up articles; sets; worn clothing and worn textile articles; rags",0.0005873011927797203,0.0004581308878349246,-0.00012917030494479566
European Union,Import,13,"Lac; gums, resins and other vegetable saps and extracts",0.0007343798162116999,0.0006014850769943464,-0.0001328947392173535
European Union,Import,96,Miscellaneous manufactured articles,0.000977346588011022,0.0008340841251688754,-0.00014326246284214667
European Union,Import,61,Apparel and clothing accessories; knitted or crocheted,0.0008828702293711722,0.0006928711214313591,-0.00018999910793981317
European Union,Import,62,Apparel and clothing accessories; not knitted or crocheted,0.001185033651677081,0.0009328191882235222,-0.0002522144634535589
European Union,Import,12,"Oil seeds and oleaginous fruits; miscellaneous grains, seeds and fruit, industrial or medicinal plants; straw and fodder",0.0013199869536707587,0.0009604543822120659,-0.00035953257145869273
European Union,Import,70,Glass and glassware,0.0033795711040825256,0.0029367459599989347,-0.00044282514408359097
European Union,Import,41,Raw hides and skins (other than furskins) and leather,0.0022516681994293863,0.0017445252370273331,-0.0005071429624020532
European Union,Import,32,"Tanning or dyeing extracts; tannins and their derivatives; dyes, pigments and other colouring matter; paints, varnishes; putty, other mastics; inks",0.010733041933197011,0.010225045394385103,-0.0005079965388119084
European Union,Import,72,Iron and steel,0.030686163686890727,0.029906801169893325,-0.0007793625169974019
European Union,Import,48,"Paper and paperboard; articles of paper pulp, of paper or paperboard",0.011858620407950288,0.010840816288703295,-0.0010178041192469931
European Union,Import,73,Iron or steel articles,0.017874266883002875,0.016837896802449733,-0.0010363700805531423
European Union,Import,82,"Tools, implements, cutlery, spoons and forks, of base metal; parts thereof, of base metal",0.00642255362275438,0.005068320288337144,-0.001354233334417236
European Union,Import,39,Plastics and articles thereof,0.04667019277067068,0.0448320891450544,-0.0018381036256162817
European Union,Import,28,"Inorganic chemicals; organic and inorganic compounds of precious metals; of rare earth metals, of radio-active elements and of isotopes",0.011320228056833685,0.008500800287161306,-0.002819427769672379
European Union,Import,27,"Mineral fuels, mineral oils and products of their distillation; bituminous substances; mineral waxes",0.01219304648452916,0.009266124799223795,-0.0029269216853053653
European Union,Import,38,Chemical products n.e.c.,0.030826415511278803,0.027388234196716252,-0.0034381813145625516
European Union,Import,86,"Railway, tramway locomotives, rolling-stock and parts thereof; railway or tramway track fixtures and fittings and parts thereof; mechanical (including electro-mechanical) traffic signalling equipment of all kinds",0.006224342124799363,0.0021607137940078086,-0.0040636283307915536
European Union,Import,99,Commodities not specified according to kind,0.0052354135131546286,0.00025638827468479224,-0.0049790252384698365
European Union,Import,30,Pharmaceutical products,0.03166283548830831,0.02240892543241889,-0.009253910055889422
European Union,Import,29,Organic chemicals,0.05523151147527263,0.03943316068665318,-0.01579835078861945
European Union,Import,71,"Natural, cultured pearls; precious, semi-precious stones; precious metals, metals clad with precious metal, and articles thereof; imitation jewellery; coin",0.09867510640528245,0.04257296278136747,-0.056102143623914975
European Union,Import,15,Animal or vegetable fats and oils and their cleavage products; prepared animal fats; animal or vegetable waxes,0.0021709218988599896,,
European Union,Import,15,"Animal, vegetable or microbial fats and oils and their cleavage products; prepared edible fats; animal or vegetable waxes",,0.0020137755758893754,
European Union,Import,16,"Meat, fish or crustaceans, molluscs or other aquatic invertebrates; preparations thereof",2.1874481374588442e-05,,
European Union,Import,16,"Meat, fish, crustaceans, molluscs or other aquatic invertebrates, or insects; preparations thereof",,1.155762619106797e-05,
European Union,Import,24,Tobacco and manufactured tobacco substitutes,7.112938776011535e-05,,
European Union,Import,24,"Tobacco and manufactured tobacco substitutes; products, whether or not containing nicotine, intended for inhalation without combustion; other nicotine containing products intended for the intake of nicotine into the human body",,0.00015009895879013248,
European Union,Import,84,"Machinery and mechanical appliances, boilers, nuclear reactors; parts thereof",,0.23915267567436396,
European Union,Import,84,"Nuclear reactors, boilers, machinery and mechanical appliances; parts thereof",0.21454503392459212,,
European Union,Import,88,"Aircraft, spacecraft and parts thereof",0.1060445559877666,,
European Union,Import,88,"Aircraft, spacecraft, and parts thereof",,0.13290922322411156,
United States,Export,85,"Electrical machinery and equipment and parts thereof; sound recorders and reproducers; television image and sound recorders and reproducers, parts and accessories of such articles",0.055520540823752115,0.15525548294212652,0.0997349421183744
United States,Export,27,"Mineral fuels, mineral oils and products of their distillation; bituminous substances; mineral waxes",0.029144021931019573,0.05509954905448337,0.025955527123463794
United States,Export,73,Iron or steel articles,0.028072620095524872,0.03675170334057895,0.008679083245054078
United States,Export,39,Plastics and articles thereof,0.016618443229156933,0.0203294364548294,0.003710993225672466
United States,Export,89,"Ships, boats and floating structures",4.8524627737148485e-06,0.003109966549961363,0.003105114087187648
United States,Export,72,Iron and steel,0.0030525977161009275,0.00614636381160074,0.0030937660954998124
United States,Export,48,"Paper and paperboard; articles of paper pulp, of paper or paperboard",0.003595617817574147,0.005568245002006204,0.0019726271844320567
United States,Export,97,Works of art; collectors' pieces and antiques,0.0004637154655203446,0.0019202229974507009,0.0014565075319303562
United States,Export,28,"Inorganic chemicals; organic and inorganic compounds of precious metals; of rare earth metals, of radio-active elements and of isotopes",0.0027055213626988486,0.004158141683741754,0.0014526203210429053
United States,Export,40,Rubber and articles thereof,0.010380764291169004,0.011487554484883514,0.0011067901937145096
United States,Export,74,Copper and articles thereof,0.0030665058290387163,0.00414680159045544,0.0010802957614167237
United States,Export,76,Aluminium and articles thereof,0.009816033989380532,0.010597888013818602,0.0007818540244380699
United States,Export,4,"Dairy produce; birds' eggs; natural honey; edible products of animal origin, not elsewhere specified or included",0.0015985570467514486,0.0022192224608145548,0.0006206654140631061
United States,Export,86,"Railway, tramway locomotives, rolling-stock and parts thereof; railway or tramway track fixtures and fittings and parts thereof; mechanical (including electro-mechanical) traffic signalling equipment of all kinds",0.00027326843117390367,0.0008766097737527267,0.000603341342578823
United States,Export,21,Miscellaneous edible preparations,0.0033422456465179483,0.003897804471025184,0.0005555588245072358
United States,Export,34,"Soap, organic surface-active agents; washing, lubricating, polishing or scouring preparations; artificial or prepared waxes, candles and similar articles, modelling pastes, dental waxes and dental preparations with a basis of plaster",0.0015753806066381574,0.0021020302735445364,0.000526649666906379
United States,Export,83,Metal; miscellaneous products of base metal,0.002601078062055694,0.0030562652901221688,0.0004551872280664747
United States,Export,55,Man-made staple fibres,0.0018843887427039355,0.0022949089759953765,0.000410520233291441
United States,Export,49,"Printed books, newspapers, pictures and other products of the printing industry; manuscripts, typescripts and plans",0.0012542480655333592,0.001637462189330388,0.00038321412379702883
United States,Export,70,Glass and glassware,0.003930718998135683,0.00431134596189195,0.00038062696375626686
United States,Export,82,"Tools, implements, cutlery, spoons and forks, of base metal; parts thereof, of base metal",0.003485977978450369,0.0037675105662235606,0.0002815325877731918
United States,Export,81,"Metals; n.e.c., cermets and articles thereof",0.000269576020151734,0.0005116843755841728,0.0002421083554324388
United States,Export,42,"Articles of leather; saddlery and harness; travel goods, handbags and similar containers; articles of animal gut (other than silk-worm gut)",0.00903699511060704,0.00927091196055744,0.00023391684995040067
United States,Export,59,"Textile fabrics; impregnated, coated, covered or laminated; textile articles of a kind suitable for industrial use",0.00274570936608949,0.0029578193671966338,0.00021211000110714362
United States,Export,75,Nickel and articles thereof,0.0001051792098941005,0.0002841553854231977,0.00017897617552909721
United States,Export,18,Cocoa and cocoa preparations,0.0005309275869651633,0.0006916964170262848,0.00016076883006112155
United States,Export,58,"Fabrics; special woven fabrics, tufted textile fabrics, lace, tapestries, trimmings, embroidery",0.0006485485434798619,0.0007989936017300907,0.00015044505825022878
United States,Export,95,"Toys, games and sports requisites; parts and accessories thereof",0.0025822521826729316,0.0026811148589087268,9.886267623579513e-05
United States,Export,8,"Fruit and nuts, edible; peel of citrus fruit or melons",0.000806464902188318,0.00090175574123302,9.529083904470203e-05
United States,Export,31,Fertilizers,9.976904796174575e-05,0.00017158228438743573,7.181323642568998e-05
United States,Export,22,"Beverages, spirits and vinegar",0.00016867641178916257,0.0002141157663124808,4.543935452331824e-05
United States,Export,46,"Manufactures of straw, esparto or other plaiting materials; basketware and wickerwork",0.0002680809212135001,0.0002971791187022871,2.9098197488787014e-05
United States,Export,99,Commodities not specified according to kind,1.1266756708185328e-05,3.1335210720333215e-05,2.006845401214789e-05
United States,Export,36,Explosives; pyrotechnic products; matches; pyrophoric alloys; certain combustible preparations,5.284391238589641e-05,7.102835319924258e-05,1.8184440813346174e-05
United States,Export,2,Meat and edible meat offal,1.246238625350181e-06,1.5066559557225273e-05,1.3820320931875093e-05
United States,Export,37,Photographic or cinematographic goods,2.438647061996749e-06,4.2501151010282585e-06,1.8114680390315093e-06
United States,Export,45,Cork and articles of cork,1.365093563298576e-05,1.4164080679122998e-05,5.131450461372375e-07
United States,Export,47,Pulp of wood or other fibrous cellulosic material; recovered (waste and scrap) paper or paperboard,2.597819367404605e-09,1.773026014646044e-07,1.747047820971998e-07
United States,Export,35,Albuminoidal substances; modified starches; glues; enzymes,0.000652390798878835,0.000652524773750925,1.33974872089989e-07
United States,Export,66,"Umbrellas, sun umbrellas, walking-sticks, seat sticks, whips, riding crops; and parts thereof",4.036510066184994e-06,2.6723526190236862e-06,-1.3641574471613076e-06
United States,Export,5,Animal originated products; not elsewhere specified or included,2.1599370856121143e-05,1.738572490612583e-05,-4.213645949995314e-06
United States,Export,80,Tin; articles thereof,6.737681286436983e-06,1.8434973116129417e-06,-4.894183974824042e-06
United States,Export,14,Vegetable plaiting materials; vegetable products not elsewhere specified or included,4.2243758487455896e-05,3.520421846828063e-05,-7.0395400191752694e-06
United States,Export,92,Musical instruments; parts and accessories of such articles,9.734265178572057e-05,8.650368066887281e-05,-1.0838971116847765e-05
United States,Export,79,Zinc and articles thereof,0.00011219032739261104,9.263736771222906e-05,-1.9552959680381975e-05
United States,Export,51,"Wool, fine or coarse animal hair; horsehair yarn and woven fabric",0.00011613585917900161,8.337700284496093e-05,-3.275885633404068e-05
United States,Export,26,"Ores, slag and ash",4.5079757396612705e-05,1.6398186146926766e-06,-4.343993878192003e-05
United States,Export,91,Clocks and watches and parts thereof,0.00011250667839411154,5.717029541997018e-05,-5.533638297414136e-05
United States,Export,65,Headgear and parts thereof,0.00021600088319062224,0.000150889365378693,-6.511151781192923e-05
United States,Export,43,Furskins and artificial fur; manufactures thereof,0.00015462895467205292,8.014694813635825e-05,-7.448200653569467e-05
United States,Export,56,"Wadding, felt and nonwovens, special yarns; twine, cordage, ropes and cables and articles thereof",0.0024864719753414453,0.002407567967433179,-7.890400790826636e-05
United States,Export,78,Lead and articles thereof,9.771454224155627e-05,1.8069971019053365e-05,-7.96445712225029e-05
United States,Export,67,"Feathers and down, prepared; and articles made of feather or of down; artificial flowers; articles of human hair",0.0003475416048136912,0.00026771294053345654,-7.982866428023466e-05
United States,Export,41,Raw hides and skins (other than furskins) and leather,0.0001834464200461882,8.217450732025612e-05,-0.00010127191272593209
United States,Export,6,"Trees and other plants, live; bulbs, roots and the like; cut flowers and ornamental foliage",0.000396834464768722,0.0002553906206473305,-0.00014144384412139149
United States,Export,17,Sugars and sugar confectionery,0.0006271565187182638,0.00047448663134042345,-0.00015266988737784034
United States,Export,7,Vegetables and certain roots and tubers; edible,0.0019438929316347461,0.0017831094740682473,-0.00016078345756649886
United States,Export,54,Man-made filaments; strip and the like of man-made textile materials,0.002235090721114747,0.0020394743262956688,-0.00019561639481907806
United States,Export,64,Footwear; gaiters and the like; parts of such articles,0.005784020229589239,0.005516164881097072,-0.0002678553484921674
United States,Export,90,"Optical, photographic, cinematographic, measuring, checking, medical or surgical instruments and apparatus; parts and accessories",0.011341363481279912,0.011024612980633187,-0.0003167505006467248
United States,Export,69,Ceramic products,0.003610552723351233,0.0032936878652186584,-0.0003168648581325746
United States,Export,11,"Products of the milling industry; malt, starches, inulin, wheat gluten",0.0014611400545360563,0.0010958150270152752,-0.0003653250275207811
United States,Export,96,Miscellaneous manufactured articles,0.0025476308580776996,0.0021294489836164404,-0.00041818187446125915
United States,Export,93,Arms and ammunition; parts and accessories thereof,0.0012500067004414842,0.0008002345399341364,-0.00044977216050734784
United States,Export,10,Cereals,0.005341632001860205,0.004855615233405593,-0.00048601676845461215
United States,Export,61,Apparel and clothing accessories; knitted or crocheted,0.03261666914020191,0.032097308513621844,-0.0005193606265800621
United States,Export,19,"Preparations of cereals, flour, starch or milk; pastrycooks' products",0.002455518186217503,0.0019243622778714338,-0.0005311559083460693
United States,Export,50,Silk,0.0007372520033884268,0.00015565877096935274,-0.000581593232419074
United States,Export,53,Vegetable textile fibres; paper yarn and woven fabrics of paper yarn,0.0018146228969182915,0.0011071019275989847,-0.0007075209693193068
United States,Export,32,"Tanning or dyeing extracts; tannins and their derivatives; dyes, pigments and other colouring matter; paints, varnishes; putty, other mastics; inks",0.00465120409848876,0.00394122288537718,-0.0007099812131115798
United States,Export,52,Cotton,0.0020250977522819594,0.0012922107016941414,-0.000732887050587818
United States,Export,25,"Salt; sulphur; earths, stone; plastering materials, lime and cement",0.001989165652088069,0.001240774718494029,-0.00074839093359404
United States,Export,20,"Preparations of vegetables, fruit, nuts or other parts of plants",0.0030901878809029854,0.002304055988663378,-0.0007861318922396075
United States,Export,13,"Lac; gums, resins and other vegetable saps and extracts",0.005996415488745897,0.005202726276228802,-0.0007936892125170944
United States,Export,68,"Stone, plaster, cement, asbestos, mica or similar materials; articles thereof",0.012634451290062432,0.011776073127125624,-0.0008583781629368081
United States,Export,44,Wood and articles of wood; wood charcoal,0.0033462656353726535,0.0024534180746279837,-0.0008928475607446699
United States,Export,38,Chemical products n.e.c.,0.016670638674543863,0.015548669279350762,-0.001121969395193101
United States,Export,60,Fabrics; knitted or crocheted,0.002184129077094753,0.0009797488591295857,-0.001204380217965167
United States,Export,12,"Oil seeds and oleaginous fruits; miscellaneous grains, seeds and fruit, industrial or medicinal plants; straw and fodder",0.004512734351541903,0.0032959535719970473,-0.001216780779544856
United States,Export,9,"Coffee, tea, mate and spices",0.006914867746003438,0.005471317117517389,-0.0014435506284860488
United States,Export,94,"Furniture; bedding, mattresses, mattress supports, cushions and similar stuffed furnishings; lamps and lighting fittings, n.e.c.; illuminated signs, illuminated name-plates and the like; prefabricated buildings",0.016119238193129787,0.014303595398986263,-0.0018156427941435245
United States,Export,62,Apparel and clothing accessories; not knitted or crocheted,0.034120445462612864,0.03211743259826486,-0.0020030128643480014
United States,Export,33,"Essential oils and resinoids; perfumery, cosmetic or toilet preparations",0.00813536901594831,0.006099699464482179,-0.002035669551466131
United States,Export,57,Carpets and other textile floor coverings,0.019569491298118892,0.01483120885996106,-0.004738282438157833
United States,Export,23,"Food industries, residues and wastes thereof; prepared animal fodder",0.0053224522265526665,0.00042725049523678144,-0.004895201731315885
United States,Export,29,Organic chemicals,0.04190028636921568,0.03223133181236316,-0.009668954556852523
United States,Export,87,"Vehicles; other than railway or tramway rolling stock, and parts and accessories thereof",0.043235797667058366,0.03302085275889367,-0.010214944908164693
United States,Export,63,"Textiles, made up articles; sets; worn clothing and worn textile articles; rags",0.049086985113850165,0.036544644934597026,-0.01254234017925314
United States,Export,3,"Fish and crustaceans, molluscs and other aquatic invertebrates",0.03774891180812628,0.024491382107571687,-0.01325752970055459
United States,Export,30,Pharmaceutical products,0.1417590218235409,0.1098064039369163,-0.03195261788662458
United States,Export,71,"Natural, cultured pearls; precious, semi-precious stones; precious metals, metals clad with precious metal, and articles thereof; imitation jewellery; coin",0.1586964308245571,0.11515682574018281,-0.04353960508437428
United States,Export,1,Animals; live,,3.427781028258387e-07,
United States,Export,15,Animal or vegetable fats and oils and their cleavage products; prepared animal fats; animal or vegetable waxes,0.0025556037245951227,,
United States,Export,15,"Animal, vegetable or microbial fats and oils and their cleavage products; prepared edible fats; animal or vegetable waxes",,0.0023493732507879053,
United States,Export,16,"Meat, fish or crustaceans, molluscs or other aquatic invertebrates; preparations thereof",0.009935963339888611,,
United States,Export,16,"Meat, fish, crustaceans, molluscs or other aquatic invertebrates, or insects; preparations thereof",,0.007512452727299323,
United States,Export,24,Tobacco and manufactured tobacco substitutes,0.0006397990062009841,,
United States,Export,24,"Tobacco and manufactured tobacco substitutes; products, whether or not containing nicotine, intended for inhalation without combustion; other nicotine containing products intended for the intake of nicotine into the human body",,0.0009773434046460151,
United States,Export,84,"Machinery and mechanical appliances, boilers, nuclear reactors; parts thereof",,0.08151072766444367,
United States,Export,84,"Nuclear reactors, boilers, machinery and mechanical appliances; parts thereof",0.08005340484526863,,
United States,Export,88,"Aircraft, spacecraft and parts thereof",0.00851546396516489,,
United States,Export,88,"Aircraft, spacecraft, and parts thereof",,0.0048714225940299435,
United States,Import,27,"Mineral fuels, mineral oils and products of their distillation; bituminous substances; mineral waxes",0.2574630655724949,0.3151837449781683,0.057720679405673436
United States,Import,90,"Optical, photographic, cinematographic, measuring, checking, medical or surgical instruments and apparatus; parts and accessories",0.04539792921836021,0.05961224017510256,0.014214310956742353
United States,Import,72,Iron and steel,0.014875292002020495,0.021947912403379285,0.00707262040135879
United States,Import,39,Plastics and articles thereof,0.03985064574187464,0.04625949502523439,0.006408849283359747
United States,Import,76,Aluminium and articles thereof,0.017895281782124003,0.023551216007914287,0.005655934225790284
United States,Import,30,Pharmaceutical products,0.011299842085717425,0.014440253611515592,0.0031404115257981664
United States,Import,87,"Vehicles; other than railway or tramway rolling stock, and parts and accessories thereof",0.012090944593003253,0.014759222763818209,0.0026682781708149556
United States,Import,75,Nickel and articles thereof,0.0021667935936288438,0.0038302338957463995,0.0016634403021175558
United States,Import,7,Vegetables and certain roots and tubers; edible,0.0005009866039783921,0.0021538540804313636,0.0016528674764529714
United States,Import,33,"Essential oils and resinoids; perfumery, cosmetic or toilet preparations",0.002413816639490302,0.0038803456215946715,0.0014665289821043695
United States,Import,40,Rubber and articles thereof,0.006073059736222218,0.007322653196742285,0.0012495934605200668
United States,Import,94,"Furniture; bedding, mattresses, mattress supports, cushions and similar stuffed furnishings; lamps and lighting fittings, n.e.c.; illuminated signs, illuminated name-plates and the like; prefabricated buildings",0.001498976573393075,0.00271072227109491,0.001211745697701835
United States,Import,38,Chemical products n.e.c.,0.031073249891502057,0.03216112559729951,0.0010878757057974503
United States,Import,44,Wood and articles of wood; wood charcoal,0.0013611863472922253,0.0024280858636294106,0.0010668995163371853
United States,Import,97,Works of art; collectors' pieces and antiques,0.0006580262699237195,0.001668248808865209,0.0010102225389414894
United States,Import,47,Pulp of wood or other fibrous cellulosic material; recovered (waste and scrap) paper or paperboard,0.017591144749749422,0.01844228016193956,0.000851135412190139
United States,Import,55,Man-made staple fibres,0.0007838024566058707,0.0015875539077718711,0.0008037514511660004
United States,Import,32,"Tanning or dyeing extracts; tannins and their derivatives; dyes, pigments and other colouring matter; paints, varnishes; putty, other mastics; inks",0.003998022821673332,0.004730903107972429,0.0007328802862990964
United States,Import,23,"Food industries, residues and wastes thereof; prepared animal fodder",0.0008176623363429029,0.0014815238037449083,0.0006638614674020054
United States,Import,74,Copper and articles thereof,0.006282673381079519,0.006785718105299221,0.0005030447242197018
United States,Import,78,Lead and articles thereof,0.0021496327935792625,0.0026297418619667737,0.0004801090683875112
United States,Import,26,"Ores, slag and ash",0.0014677983618604006,0.0019109442967326167,0.00044314593487221614
United States,Import,68,"Stone, plaster, cement, asbestos, mica or similar materials; articles thereof",0.0013190668507441956,0.0017559455119396028,0.00043687866119540716
United States,Import,86,"Railway, tramway locomotives, rolling-stock and parts thereof; railway or tramway track fixtures and fittings and parts thereof; mechanical (including electro-mechanical) traffic signalling equipment of all kinds",0.0007619496883393827,0.0011727025778770818,0.00041075288953769905
United States,Import,25,"Salt; sulphur; earths, stone; plastering materials, lime and cement",0.0014464297229332102,0.0018009364494642047,0.00035450672653099453
United States,Import,81,"Metals; n.e.c., cermets and articles thereof",0.0010344764795585703,0.0013046068342962714,0.00027013035473770117
United States,Import,35,Albuminoidal substances; modified starches; glues; enzymes,0.0026919542581395396,0.0029297055396996126,0.00023775128156007302
United States,Import,69,Ceramic products,0.0007843769844496299,0.0010166073980426306,0.0002322304135930007
United States,Import,95,"Toys, games and sports requisites; parts and accessories thereof",0.0005117618845472976,0.0007134324037251218,0.00020167051917782414
United States,Import,20,"Preparations of vegetables, fruit, nuts or other parts of plants",0.00042323035398147784,0.0005780719644027058,0.00015484161042122796
United States,Import,83,Metal; miscellaneous products of base metal,0.0015250633569562307,0.0016537560667960808,0.00012869270983985
United States,Import,5,Animal originated products; not elsewhere specified or included,0.0003867755170931219,0.0004560547492099057,6.92792321167838e-05
United States,Import,36,Explosives; pyrotechnic products; matches; pyrophoric alloys; certain combustible preparations,0.00010101805855093603,0.00014526965805018512,4.425159949924909e-05
United States,Import,34,"Soap, organic surface-active agents; washing, lubricating, polishing or scouring preparations; artificial or prepared waxes, candles and similar articles, modelling pastes, dental waxes and dental preparations with a basis of plaster",0.0040487593077028206,0.004081398207307503,3.263889960468218e-05
United States,Import,1,Animals; live,0.00013944998415514915,0.00016252577890678638,2.3075794751637227e-05
United States,Import,80,Tin; articles thereof,1.0122493008406672e-06,2.3108531355707226e-05,2.209628205486656e-05
United States,Import,64,Footwear; gaiters and the like; parts of such articles,0.00010496038495771052,0.00012600860553941458,2.104822058170406e-05
United States,Import,10,Cereals,4.724463371636671e-05,6.485292745191658e-05,1.7608293735549872e-05
United States,Import,4,"Dairy produce; birds' eggs; natural honey; edible products of animal origin, not elsewhere specified or included",7.455012046483388e-07,1.807804211918584e-05,1.7332540914537502e-05
United States,Import,92,Musical instruments; parts and accessories of such articles,7.577049210318944e-05,9.28291389347105e-05,1.7058646831521055e-05
United States,Import,51,"Wool, fine or coarse animal hair; horsehair yarn and woven fabric",1.0663721900353202e-05,2.211790521407145e-05,1.1454183313718249e-05
United States,Import,58,"Fabrics; special woven fabrics, tufted textile fabrics, lace, tapestries, trimmings, embroidery",2.607139774120548e-05,3.512991326151508e-05,9.058515520309601e-06
United States,Import,93,Arms and ammunition; parts and accessories thereof,6.455855719282285e-05,6.902460929400298e-05,4.466052101180135e-06
United States,Import,91,Clocks and watches and parts thereof,2.5995393763062352e-05,2.8675507488598747e-05,2.680113725536395e-06
United States,Import,66,"Umbrellas, sun umbrellas, walking-sticks, seat sticks, whips, riding crops; and parts thereof",1.1967863242067947e-06,3.0074251069728703e-06,1.8106387827660756e-06
United States,Import,14,Vegetable plaiting materials; vegetable products not elsewhere specified or included,9.297210089037243e-08,1.2909789347510193e-06,1.1980068338606468e-06
United States,Import,43,Furskins and artificial fur; manufactures thereof,1.747168319420231e-07,1.0060289805166629e-06,8.313121485746398e-07
United States,Import,2,Meat and edible meat offal,3.885273555932203e-06,2.3135404588044547e-06,-1.571733097127748e-06
United States,Import,46,"Manufactures of straw, esparto or other plaiting materials; basketware and wickerwork",2.204997853711064e-06,3.1449431400322793e-08,-2.1735484223107414e-06
United States,Import,50,Silk,2.9006877678848972e-06,1.7296901265751918e-07,-2.727718755227378e-06
United States,Import,53,Vegetable textile fibres; paper yarn and woven fabrics of paper yarn,3.324521655589905e-06,5.205564755138104e-07,-2.8039651800760945e-06
United States,Import,18,Cocoa and cocoa preparations,5.1523007238238764e-05,4.8333698896067246e-05,-3.1893083421715175e-06
United States,Import,65,Headgear and parts thereof,2.8065155244898723e-05,2.4362746127311297e-05,-3.702409117587426e-06
United States,Import,45,Cork and articles of cork,6.125120463179393e-06,2.3604524693822837e-06,-3.7646679937971096e-06
United States,Import,67,"Feathers and down, prepared; and articles made of feather or of down; artificial flowers; articles of human hair",8.50702941988608e-06,7.97251341650594e-07,-7.709778078235485e-06
United States,Import,11,"Products of the milling industry; malt, starches, inulin, wheat gluten",7.020664176884867e-05,6.173837616817538e-05,-8.468265600673292e-06
United States,Import,60,Fabrics; knitted or crocheted,1.930884784902565e-05,1.0285142944802144e-05,-9.023704904223505e-06
United States,Import,59,"Textile fabrics; impregnated, coated, covered or laminated; textile articles of a kind suitable for industrial use",0.0005847353854165769,0.0005725400100632198,-1.2195375353357121e-05
United States,Import,54,Man-made filaments; strip and the like of man-made textile materials,0.0006667663031113019,0.0006379300506714214,-2.883625243988049e-05
United States,Import,6,"Trees and other plants, live; bulbs, roots and the like; cut flowers and ornamental foliage",4.2695583848902205e-05,9.893299182776274e-06,-3.280228466612593e-05
United States,Import,19,"Preparations of cereals, flour, starch or milk; pastrycooks' products",5.25498165693874e-05,1.9275882776486538e-05,-3.3273933792900864e-05
United States,Import,82,"Tools, implements, cutlery, spoons and forks, of base metal; parts thereof, of base metal",0.0018606319262667744,0.0018138380001400149,-4.6793926126759535e-05
United States,Import,61,Apparel and clothing accessories; knitted or crocheted,8.39863697603181e-05,3.1837872017491256e-05,-5.214849774282684e-05
United States,Import,9,"Coffee, tea, mate and spices",7.378144032314229e-05,1.684136075270448e-05,-5.694007957043781e-05
United States,Import,56,"Wadding, felt and nonwovens, special yarns; twine, cordage, ropes and cables and articles thereof",0.0006334268679708908,0.0005469103615719234,-8.651650639896738e-05
United States,Import,22,"Beverages, spirits and vinegar",0.011570877601680556,0.01146790943819969,-0.00010296816348086615
United States,Import,42,"Articles of leather; saddlery and harness; travel goods, handbags and similar containers; articles of animal gut (other than silk-worm gut)",0.00023491527418824487,0.0001007808387446634,-0.00013413443544358147
United States,Import,62,Apparel and clothing accessories; not knitted or crocheted,0.0002144660559854631,6.111130530885783e-05,-0.00015335475067660526
United States,Import,41,Raw hides and skins (other than furskins) and leather,0.0003020897882646921,0.00014835958589191783,-0.00015373020237277425
United States,Import,73,Iron or steel articles,0.007332235567309774,0.007163390839245092,-0.00016884472806468192
United States,Import,57,Carpets and other textile floor coverings,0.0002411965258925724,6.513179513086821e-05,-0.00017606473076170421
United States,Import,13,"Lac; gums, resins and other vegetable saps and extracts",0.00044490989510221615,0.0001903425755755387,-0.00025456731952667745
United States,Import,12,"Oil seeds and oleaginous fruits; miscellaneous grains, seeds and fruit, industrial or medicinal plants; straw and fodder",0.0007548041157768415,0.00048407661564328766,-0.0002707275001335539
United States,Import,79,Zinc and articles thereof,0.0007970298024648105,0.0005062762497128794,-0.00029075355275193107
United States,Import,96,Miscellaneous manufactured articles,0.0007572707125801515,0.00044979636881825857,-0.0003074743437618929
United States,Import,17,Sugars and sugar confectionery,0.000876027952505851,0.0005269956622601968,-0.0003490322902456542
United States,Import,70,Glass and glassware,0.0019514237969660618,0.0015928984192740152,-0.00035852537769204664
United States,Import,37,Photographic or cinematographic goods,0.0008340456254012641,0.0004627431195821923,-0.00037130250581907185
United States,Import,3,"Fish and crustaceans, molluscs and other aquatic invertebrates",0.0011474765713861022,0.0007517195886103543,-0.00039575698277574786
United States,Import,49,"Printed books, newspapers, pictures and other products of the printing industry; manuscripts, typescripts and plans",0.001450569382846268,0.0010291311885068993,-0.0004214381943393687
United States,Import,21,Miscellaneous edible preparations,0.001329329464351972,0.0007805357901662703,-0.0005487936741857017
United States,Import,52,Cotton,0.00588933437451534,0.005108649033477589,-0.0007806853410377516
United States,Import,63,"Textiles, made up articles; sets; worn clothing and worn textile articles; rags",0.002357582734286237,0.0015595048315956532,-0.0007980779026905836
United States,Import,48,"Paper and paperboard; articles of paper pulp, of paper or paperboard",0.006844940819487581,0.005606238859660225,-0.0012387019598273557
United States,Import,99,Commodities not specified according to kind,0.0038517158253504867,0.0024321846207299687,-0.001419531204620518
United States,Import,31,Fertilizers,0.0019614448486906565,0.0005348958847107216,-0.0014265489639799349
United States,Import,8,"Fruit and nuts, edible; peel of citrus fruit or melons",0.033661153734322706,0.028397964931841525,-0.005263188802481181
United States,Import,85,"Electrical machinery and equipment and parts thereof; sound recorders and reproducers; television image and sound recorders and reproducers, parts and accessories of such articles",0.05833158063433429,0.05140454902533535,-0.006927031608998935
United States,Import,28,"Inorganic chemicals; organic and inorganic compounds of precious metals; of rare earth metals, of radio-active elements and of isotopes",0.017223952821110406,0.008066883770882346,-0.00915706905022806
United States,Import,89,"Ships, boats and floating structures",0.010559114280855693,0.000307091836417832,-0.010252022444437861
United States,Import,29,Organic chemicals,0.055245156440218005,0.03346678412304252,-0.021778372317175484
United States,Import,71,"Natural, cultured pearls; precious, semi-precious stones; precious metals, metals clad with precious metal, and articles thereof; imitation jewellery; coin",0.16798803358661105,0.05779833881944175,-0.1101896947671693
United States,Import,15,Animal or vegetable fats and oils and their cleavage products; prepared animal fats; animal or vegetable waxes,0.0002741566981398568,,
United States,Import,15,"Animal, vegetable or microbial fats and oils and their cleavage products; prepared edible fats; animal or vegetable waxes",,0.0002736019008767496,
United States,Import,16,"Meat, fish or crustaceans, molluscs or other aquatic invertebrates; preparations thereof",2.09285572817756e-05,,
United States,Import,16,"Meat, fish, crustaceans, molluscs or other aquatic invertebrates, or insects; preparations thereof",,1.8416047972072733e-05,
United States,Import,24,Tobacco and manufactured tobacco substitutes,1.4991858357731668e-05,,
United States,Import,24,"Tobacco and manufactured tobacco substitutes; products, whether or not containing nicotine, intended for inhalation without combustion; other nicotine containing products intended for the intake of nicotine into the human body",,1.5585722012518902e-05,
United States,Import,84,"Machinery and mechanical appliances, boilers, nuclear reactors; parts thereof",,0.14825876805966784,
United States,Import,84,"Nuclear reactors, boilers, machinery and mechanical appliances; parts thereof",0.10526320647638379,,
United States,Import,88,"Aircraft, spacecraft and parts thereof",0.002836780395061829,,
United States,Import,88,"Aircraft, spacecraft, and parts thereof",,0.01943519783179971,
