partner_group,flow_india,cmdCode,cmdDesc,trade_value_usd,partner_flow_total_usd,sample_share
China,Export,26,"Ores, slag and ash",14000395136.795,88274113911.99,0.15860136699591804
China,Export,29,Organic chemicals,9041869344.256,88274113911.99,0.1024294546107913
China,Export,27,"Mineral fuels, mineral oils and products of their distillation; bituminous substances; mineral waxes",7344450555.634,88274113911.99,0.08320050159842415
China,Export,3,"Fish and crustaceans, molluscs and other aquatic invertebrates",5555031348.775,88274113911.99,0.06292933570891926
China,Export,72,Iron and steel,5099376189.757,88274113911.99,0.05776751488937197
China,Export,52,Cotton,4147204505.898,88274113911.99,0.04698098142375913
China,Export,25,"Salt; sulphur; earths, stone; plastering materials, lime and cement",4102288239.61,88274113911.99,0.04647215426823784
China,Export,85,"Electrical machinery and equipment and parts thereof; sound recorders and reproducers; television image and sound recorders and reproducers, parts and accessories of such articles",3735247492.893,88274113911.99,0.0423141884677208
China,Export,74,Copper and articles thereof,3124025263.801,88274113911.99,0.035390049532705345
China,Export,9,"Coffee, tea, mate and spices",3061455646.949,88274113911.99,0.03468123905498837
China,Export,84,"Machinery and mechanical appliances, boilers, nuclear reactors; parts thereof",3055327834.193,88274113911.99,0.034611821051403424
China,Export,76,Aluminium and articles thereof,2385169326.965,88274113911.99,0.027020031368913348
China,Export,39,Plastics and articles thereof,2271920208.4049997,88274113911.99,0.025737105791513493
China,Export,15,"Animal, vegetable or microbial fats and oils and their cleavage products; prepared edible fats; animal or vegetable waxes",2221536077.911,88274113911.99,0.025166336760127538
China,Export,67,"Feathers and down, prepared; and articles made of feather or of down; artificial flowers; articles of human hair",2050837485.631,88274113911.99,0.023232603475076524
China,Export,84,"Nuclear reactors, boilers, machinery and mechanical appliances; parts thereof",1755384542.437,88274113911.99,0.01988560932129132
China,Export,15,Animal or vegetable fats and oils and their cleavage products; prepared animal fats; animal or vegetable waxes,1396222867.4889998,88274113911.99,0.015816900398241834
China,Export,32,"Tanning or dyeing extracts; tannins and their derivatives; dyes, pigments and other colouring matter; paints, varnishes; putty, other mastics; inks",1282500963.688,88274113911.99,0.014528618944469537
China,Export,10,Cereals,1172910826.3769999,88274113911.99,0.0132871435848838
China,Export,90,"Optical, photographic, cinematographic, measuring, checking, medical or surgical instruments and apparatus; parts and accessories",1058890028.941,88274113911.99,0.011995476159598971
China,Export,38,Chemical products n.e.c.,1007901889.181,88274113911.99,0.011417864700243677
China,Export,48,"Paper and paperboard; articles of paper pulp, of paper or paperboard",755615174.49,88274113911.99,0.008559872662594545
China,Export,87,"Vehicles; other than railway or tramway rolling stock, and parts and accessories thereof",662599267.497,88274113911.99,0.0075061559740788415
China,Export,33,"Essential oils and resinoids; perfumery, cosmetic or toilet preparations",602180477.116,88274113911.99,0.006821710809993276
China,Export,28,"Inorganic chemicals; organic and inorganic compounds of precious metals; of rare earth metals, of radio-active elements and of isotopes",591640791.738,88274113911.99,0.006702313572106435
China,Export,53,Vegetable textile fibres; paper yarn and woven fabrics of paper yarn,519027966.573,88274113911.99,0.005879730122133824
China,Export,23,"Food industries, residues and wastes thereof; prepared animal fodder",487836495.791,88274113911.99,0.005526382244713064
China,Export,73,Iron or steel articles,432555983.513,88274113911.99,0.004900145289980048
China,Export,7,Vegetables and certain roots and tubers; edible,414142609.96999997,88274113911.99,0.0046915521619724605
China,Export,40,Rubber and articles thereof,375407123.919,88274113911.99,0.004252743044164498
China,Export,12,"Oil seeds and oleaginous fruits; miscellaneous grains, seeds and fruit, industrial or medicinal plants; straw and fodder",356180278.197,88274113911.99,0.00403493461913551
China,Export,17,Sugars and sugar confectionery,348489248.10899997,88274113911.99,0.0039478079435206394
China,Export,71,"Natural, cultured pearls; precious, semi-precious stones; precious metals, metals clad with precious metal, and articles thereof; imitation jewellery; coin",334180899.936,88274113911.99,0.003785717976950536
China,Export,64,Footwear; gaiters and the like; parts of such articles,333157587.105,88274113911.99,0.0037741255317177216
China,Export,30,Pharmaceutical products,316859144.089,88274113911.99,0.003589491075548049
China,Export,13,"Lac; gums, resins and other vegetable saps and extracts",255495339.108,88274113911.99,0.002894340455943074
China,Export,41,Raw hides and skins (other than furskins) and leather,254922381.031,88274113911.99,0.0028878497866901233
China,Export,88,"Aircraft, spacecraft, and parts thereof",179098337.624,88274113911.99,0.002028888534667847
China,Export,62,Apparel and clothing accessories; not knitted or crocheted,163007974.551,88274113911.99,0.0018466112807829513
China,Export,61,Apparel and clothing accessories; knitted or crocheted,131901997.684,88274113911.99,0.0014942319082976844
China,Export,50,Silk,131872197.255,88274113911.99,0.0014938943186275156
China,Export,55,Man-made staple fibres,129108941.82699999,88274113911.99,0.001462591195825796
China,Export,34,"Soap, organic surface-active agents; washing, lubricating, polishing or scouring preparations; artificial or prepared waxes, candles and similar articles, modelling pastes, dental waxes and dental preparations with a basis of plaster",121824555.78400001,88274113911.99,0.0013800711260093764
China,Export,59,"Textile fabrics; impregnated, coated, covered or laminated; textile articles of a kind suitable for industrial use",117852198.67,88274113911.99,0.001335070876922079
China,Export,44,Wood and articles of wood; wood charcoal,116473976.27399999,88274113911.99,0.0013194578921531341
China,Export,70,Glass and glassware,112417013.954,88274113911.99,0.0012734992057363572
China,Export,63,"Textiles, made up articles; sets; worn clothing and worn textile articles; rags",92610741.363,88274113911.99,0.0010491268307188408
China,Export,54,Man-made filaments; strip and the like of man-made textile materials,74963976.703,88274113911.99,0.0008492181159443829
China,Export,57,Carpets and other textile floor coverings,73701513.221,88274113911.99,0.0008349164885923522
China,Export,42,"Articles of leather; saddlery and harness; travel goods, handbags and similar containers; articles of animal gut (other than silk-worm gut)",73299338.165,88274113911.99,0.0008303605090624872
China,Export,68,"Stone, plaster, cement, asbestos, mica or similar materials; articles thereof",60752246.09,88274113911.99,0.0006882226668462567
China,Export,69,Ceramic products,57550491.978,88274113911.99,0.0006519520777674223
China,Export,94,"Furniture; bedding, mattresses, mattress supports, cushions and similar stuffed furnishings; lamps and lighting fittings, n.e.c.; illuminated signs, illuminated name-plates and the like; prefabricated buildings",57320188.833,88274113911.99,0.0006493431232869546
China,Export,75,Nickel and articles thereof,56274009.706,88274113911.99,0.0006374916406649591
China,Export,14,Vegetable plaiting materials; vegetable products not elsewhere specified or included,51806050.83,88274113911.99,0.0005868770416846217
China,Export,20,"Preparations of vegetables, fruit, nuts or other parts of plants",51761269.314,88274113911.99,0.0005863697410274365
China,Export,82,"Tools, implements, cutlery, spoons and forks, of base metal; parts thereof, of base metal",49839866.22,88274113911.99,0.0005646034155572578
China,Export,83,Metal; miscellaneous products of base metal,48590348.37,88274113911.99,0.0005504484408469392
China,Export,79,Zinc and articles thereof,42670413.252000004,88274113911.99,0.0004833853477650622
China,Export,8,"Fruit and nuts, edible; peel of citrus fruit or melons",40616554.563,88274113911.99,0.00046011851904279694
China,Export,96,Miscellaneous manufactured articles,35322654.603,88274113911.99,0.0004001473709293414
China,Export,95,"Toys, games and sports requisites; parts and accessories thereof",24881286.23,88274113911.99,0.0002818639024211202
China,Export,92,Musical instruments; parts and accessories of such articles,24156047.77,88274113911.99,0.00027364814779204437
China,Export,86,"Railway, tramway locomotives, rolling-stock and parts thereof; railway or tramway track fixtures and fittings and parts thereof; mechanical (including electro-mechanical) traffic signalling equipment of all kinds",23936408.642,88274113911.99,0.00027115999902151144
China,Export,47,Pulp of wood or other fibrous cellulosic material; recovered (waste and scrap) paper or paperboard,21202803.4,88274113911.99,0.00024019276388477105
China,Export,21,Miscellaneous edible preparations,19679953.948,88274113911.99,0.0002229413933015637
China,Export,35,Albuminoidal substances; modified starches; glues; enzymes,17030130.497,88274113911.99,0.000192923267561532
China,Export,56,"Wadding, felt and nonwovens, special yarns; twine, cordage, ropes and cables and articles thereof",16535783.422,88274113911.99,0.00018732313120113907
China,Export,88,"Aircraft, spacecraft and parts thereof",16517111.204,88274113911.99,0.00018711160579269807
China,Export,81,"Metals; n.e.c., cermets and articles thereof",16417649.289,88274113911.99,0.00018598486647363607
China,Export,5,Animal originated products; not elsewhere specified or included,14332988.399,88274113911.99,0.00016236909965802775
China,Export,31,Fertilizers,13880900.857,88274113911.99,0.00015724769405036873
China,Export,51,"Wool, fine or coarse animal hair; horsehair yarn and woven fabric",10298386.094,88274113911.99,0.00011666371530239967
China,Export,58,"Fabrics; special woven fabrics, tufted textile fabrics, lace, tapestries, trimmings, embroidery",9552017.256000001,88274113911.99,0.0001082085883696713
China,Export,19,"Preparations of cereals, flour, starch or milk; pastrycooks' products",9408991.324000001,88274113911.99,0.00010658834064741607
China,Export,22,"Beverages, spirits and vinegar",6472387.582,88274113911.99,7.332146758734982e-05
China,Export,16,"Meat, fish, crustaceans, molluscs or other aquatic invertebrates, or insects; preparations thereof",6027239.606000001,88274113911.99,6.827867580760093e-05
China,Export,11,"Products of the milling industry; malt, starches, inulin, wheat gluten",5448146.201,88274113911.99,6.171850341575612e-05
China,Export,91,Clocks and watches and parts thereof,4550068.334,88274113911.99,5.154476360461068e-05
China,Export,6,"Trees and other plants, live; bulbs, roots and the like; cut flowers and ornamental foliage",4465983.93,88274113911.99,5.059222610212345e-05
China,Export,78,Lead and articles thereof,4307882.331,88274113911.99,4.880119595757136e-05
China,Export,99,Commodities not specified according to kind,4049923.7939999998,88274113911.99,4.587895153541621e-05
China,Export,16,"Meat, fish or crustaceans, molluscs or other aquatic invertebrates; preparations thereof",3591560.534,88274113911.99,4.0686452401899095e-05
China,Export,89,"Ships, boats and floating structures",3227095.7630000003,88274113911.99,3.655766815419343e-05
China,Export,18,Cocoa and cocoa preparations,2371689.869,88274113911.99,2.6867331360183276e-05
China,Export,60,Fabrics; knitted or crocheted,1994930.751,88274113911.99,2.259927245476473e-05
China,Export,49,"Printed books, newspapers, pictures and other products of the printing industry; manuscripts, typescripts and plans",1901402.292,88274113911.99,2.1539749398059244e-05
China,Export,65,Headgear and parts thereof,1238056.45,88274113911.99,1.4025135967202707e-05
China,Export,24,"Tobacco and manufactured tobacco substitutes; products, whether or not containing nicotine, intended for inhalation without combustion; other nicotine containing products intended for the intake of nicotine into the human body",1070614.684,88274113911.99,1.2128297147988495e-05
China,Export,24,Tobacco and manufactured tobacco substitutes,1039835.729,88274113911.99,1.1779622393454151e-05
China,Export,37,Photographic or cinematographic goods,738544.323,88274113911.99,8.366488093398871e-06
China,Export,46,"Manufactures of straw, esparto or other plaiting materials; basketware and wickerwork",734029.299,88274113911.99,8.31534032425217e-06
China,Export,80,Tin; articles thereof,588883.217,88274113911.99,6.671074802145521e-06
China,Export,43,Furskins and artificial fur; manufactures thereof,472045.991,88274113911.99,5.3475018901989044e-06
China,Export,4,"Dairy produce; birds' eggs; natural honey; edible products of animal origin, not elsewhere specified or included",290577.841,88274113911.99,3.291767293067461e-06
China,Export,66,"Umbrellas, sun umbrellas, walking-sticks, seat sticks, whips, riding crops; and parts thereof",288333.461,88274113911.99,3.2663421723776323e-06
China,Export,45,Cork and articles of cork,274535.57,88274113911.99,3.1100348429859534e-06
China,Export,97,Works of art; collectors' pieces and antiques,180075.587,88274113911.99,2.039959156990653e-06
China,Export,2,Meat and edible meat offal,80070.04,88274113911.99,9.07061384720672e-07
China,Export,36,Explosives; pyrotechnic products; matches; pyrophoric alloys; certain combustible preparations,6139.877,88274113911.99,6.955467155548576e-08
China,Import,85,"Electrical machinery and equipment and parts thereof; sound recorders and reproducers; television image and sound recorders and reproducers, parts and accessories of such articles",166686391901.91498,497514038904.799,0.33503856950217836
China,Import,84,"Machinery and mechanical appliances, boilers, nuclear reactors; parts thereof",73414111308.59601,497514038904.799,0.1475618888468071
China,Import,29,Organic chemicals,58013070208.109,497514038904.799,0.11660589585736293
China,Import,84,"Nuclear reactors, boilers, machinery and mechanical appliances; parts thereof",31167834427.584,497514038904.799,0.06264714558848473
China,Import,39,Plastics and articles thereof,24003502247.222,497514038904.799,0.04824688424885866
China,Import,90,"Optical, photographic, cinematographic, measuring, checking, medical or surgical instruments and apparatus; parts and accessories",11749424739.289001,497514038904.799,0.02361626772413008
China,Import,31,Fertilizers,10159493574.67,497514038904.799,0.020420516367808575
China,Import,72,Iron and steel,9603123488.513,497514038904.799,0.019302216093545432
China,Import,73,Iron or steel articles,8980387457.139,497514038904.799,0.018050520698688118
China,Import,87,"Vehicles; other than railway or tramway rolling stock, and parts and accessories thereof",8686662253.554,497514038904.799,0.01746013493946092
China,Import,38,Chemical products n.e.c.,7837148739.226,497514038904.799,0.01575261827078947
China,Import,76,Aluminium and articles thereof,6260060713.982,497514038904.799,0.01258268154153512
China,Import,28,"Inorganic chemicals; organic and inorganic compounds of precious metals; of rare earth metals, of radio-active elements and of isotopes",5215379851.498,497514038904.799,0.010482879765521513
China,Import,71,"Natural, cultured pearls; precious, semi-precious stones; precious metals, metals clad with precious metal, and articles thereof; imitation jewellery; coin",5178267344.959001,497514038904.799,0.010408283867442542
China,Import,54,Man-made filaments; strip and the like of man-made textile materials,4904313114.32,497514038904.799,0.009857637635947106
China,Import,32,"Tanning or dyeing extracts; tannins and their derivatives; dyes, pigments and other colouring matter; paints, varnishes; putty, other mastics; inks",4459615407.661,497514038904.799,0.00896379812211563
China,Import,70,Glass and glassware,4218278958.5179996,497514038904.799,0.00847871342043713
China,Import,94,"Furniture; bedding, mattresses, mattress supports, cushions and similar stuffed furnishings; lamps and lighting fittings, n.e.c.; illuminated signs, illuminated name-plates and the like; prefabricated buildings",3706014081.574,497514038904.799,0.007449064331394995
China,Import,27,"Mineral fuels, mineral oils and products of their distillation; bituminous substances; mineral waxes",3227719957.368,497514038904.799,0.006487696235614439
China,Import,48,"Paper and paperboard; articles of paper pulp, of paper or paperboard",3072029944.831,497514038904.799,0.006174760317505017
China,Import,83,Metal; miscellaneous products of base metal,2568986677.648,497514038904.799,0.005163646604431969
China,Import,60,Fabrics; knitted or crocheted,2540824273.013,497514038904.799,0.00510704035328578
China,Import,82,"Tools, implements, cutlery, spoons and forks, of base metal; parts thereof, of base metal",2464390056.233,497514038904.799,0.004953408071977179
China,Import,68,"Stone, plaster, cement, asbestos, mica or similar materials; articles thereof",2394673318.323,497514038904.799,0.0048132778797448745
China,Import,59,"Textile fabrics; impregnated, coated, covered or laminated; textile articles of a kind suitable for industrial use",2260196403.641,497514038904.799,0.004542980151105838
China,Import,69,Ceramic products,2123188042.391,497514038904.799,0.004267594231239933
China,Import,96,Miscellaneous manufactured articles,1993860874.961,497514038904.799,0.004007647461265976
China,Import,55,Man-made staple fibres,1883560451.62,497514038904.799,0.003785944323835303
China,Import,74,Copper and articles thereof,1700524664.082,497514038904.799,0.0034180435748616153
China,Import,40,Rubber and articles thereof,1647325063.704,497514038904.799,0.0033111127222265604
China,Import,81,"Metals; n.e.c., cermets and articles thereof",1630290109.475,497514038904.799,0.0032768725744178676
China,Import,95,"Toys, games and sports requisites; parts and accessories thereof",1516574094.489,497514038904.799,0.003048304119874699
China,Import,86,"Railway, tramway locomotives, rolling-stock and parts thereof; railway or tramway track fixtures and fittings and parts thereof; mechanical (including electro-mechanical) traffic signalling equipment of all kinds",1417127572.645,497514038904.799,0.002848417254243899
China,Import,64,Footwear; gaiters and the like; parts of such articles,1312597931.186,497514038904.799,0.0026383133510674063
China,Import,35,Albuminoidal substances; modified starches; glues; enzymes,1251973490.822,497514038904.799,0.0025164586180885028
China,Import,99,Commodities not specified according to kind,1152046535.047,497514038904.799,0.0023156060833641077
China,Import,42,"Articles of leather; saddlery and harness; travel goods, handbags and similar containers; articles of animal gut (other than silk-worm gut)",1105318602.084,497514038904.799,0.0022216832403708442
China,Import,33,"Essential oils and resinoids; perfumery, cosmetic or toilet preparations",1059919269.4230001,497514038904.799,0.0021304308753904715
China,Import,25,"Salt; sulphur; earths, stone; plastering materials, lime and cement",969807017.459,497514038904.799,0.0019493058318392014
China,Import,89,"Ships, boats and floating structures",968527411.618,497514038904.799,0.0019467338323759967
China,Import,30,Pharmaceutical products,949219851.933,497514038904.799,0.001907925762301225
China,Import,61,Apparel and clothing accessories; knitted or crocheted,937395435.261,497514038904.799,0.0018841587612774358
China,Import,63,"Textiles, made up articles; sets; worn clothing and worn textile articles; rags",923036367.597,497514038904.799,0.0018552971281552643
China,Import,56,"Wadding, felt and nonwovens, special yarns; twine, cordage, ropes and cables and articles thereof",747693517.003,497514038904.799,0.001502859132676804
China,Import,34,"Soap, organic surface-active agents; washing, lubricating, polishing or scouring preparations; artificial or prepared waxes, candles and similar articles, modelling pastes, dental waxes and dental preparations with a basis of plaster",726074397.7260001,497514038904.799,0.0014594048427745711
China,Import,62,Apparel and clothing accessories; not knitted or crocheted,720660894.176,497514038904.799,0.0014485237356566352
China,Import,44,Wood and articles of wood; wood charcoal,715896281.619,497514038904.799,0.00143894689523724
China,Import,75,Nickel and articles thereof,617270828.809,497514038904.799,0.0012407103730536473
China,Import,91,Clocks and watches and parts thereof,567484677.693,497514038904.799,0.0011406405313551164
China,Import,58,"Fabrics; special woven fabrics, tufted textile fabrics, lace, tapestries, trimmings, embroidery",512040215.272,497514038904.799,0.001029197520534653
China,Import,52,Cotton,483374247.46099997,497514038904.799,0.0009715791106620315
China,Import,53,Vegetable textile fibres; paper yarn and woven fabrics of paper yarn,460624545.482,497514038904.799,0.0009258523568420188
China,Import,50,Silk,413102371.555,497514038904.799,0.0008303330946487091
China,Import,26,"Ores, slag and ash",402699417.13699996,497514038904.799,0.0008094232235606478
China,Import,23,"Food industries, residues and wastes thereof; prepared animal fodder",379120170.53,497514038904.799,0.000762029090404313
China,Import,14,Vegetable plaiting materials; vegetable products not elsewhere specified or included,311606875.175,497514038904.799,0.000626327803454461
China,Import,37,Photographic or cinematographic goods,250229534.421,497514038904.799,0.0005029597455618378
China,Import,51,"Wool, fine or coarse animal hair; horsehair yarn and woven fabric",245413394.607,497514038904.799,0.0004932793356891798
China,Import,13,"Lac; gums, resins and other vegetable saps and extracts",187457059.072,497514038904.799,0.0003767874761577744
China,Import,57,Carpets and other textile floor coverings,183942483.462,497514038904.799,0.00036972320191591224
China,Import,21,Miscellaneous edible preparations,179918089.412,497514038904.799,0.0003616341959074404
China,Import,49,"Printed books, newspapers, pictures and other products of the printing industry; manuscripts, typescripts and plans",175260589.197,497514038904.799,0.0003522726506026028
China,Import,66,"Umbrellas, sun umbrellas, walking-sticks, seat sticks, whips, riding crops; and parts thereof",172033149.466,497514038904.799,0.0003457855176201754
China,Import,92,Musical instruments; parts and accessories of such articles,166120374.297,497514038904.799,0.00033390087777761723
China,Import,7,Vegetables and certain roots and tubers; edible,157129868.67299998,497514038904.799,0.0003158300196289884
China,Import,47,Pulp of wood or other fibrous cellulosic material; recovered (waste and scrap) paper or paperboard,146320131.508,497514038904.799,0.00029410251785075525
China,Import,41,Raw hides and skins (other than furskins) and leather,142952052.348,497514038904.799,0.0002873327005257722
China,Import,67,"Feathers and down, prepared; and articles made of feather or of down; artificial flowers; articles of human hair",124279098.682,497514038904.799,0.00024980018444420465
China,Import,65,Headgear and parts thereof,119714059.678,497514038904.799,0.00024062448557538634
China,Import,9,"Coffee, tea, mate and spices",114245855.50400001,497514038904.799,0.00022963343055704472
China,Import,20,"Preparations of vegetables, fruit, nuts or other parts of plants",107705013.29,497514038904.799,0.00021648638001672496
China,Import,8,"Fruit and nuts, edible; peel of citrus fruit or melons",98047061.688,497514038904.799,0.0001970739597697295
China,Import,12,"Oil seeds and oleaginous fruits; miscellaneous grains, seeds and fruit, industrial or medicinal plants; straw and fodder",84121625.20199999,497514038904.799,0.0001690839225103695
China,Import,11,"Products of the milling industry; malt, starches, inulin, wheat gluten",83311347.463,497514038904.799,0.00016745526949630844
China,Import,15,"Animal, vegetable or microbial fats and oils and their cleavage products; prepared edible fats; animal or vegetable waxes",42208937.616000004,497514038904.799,8.483969157717944e-05
China,Import,6,"Trees and other plants, live; bulbs, roots and the like; cut flowers and ornamental foliage",41596414.097,497514038904.799,8.360852326613363e-05
China,Import,17,Sugars and sugar confectionery,37183945.072000004,497514038904.799,7.473948906819748e-05
China,Import,88,"Aircraft, spacecraft, and parts thereof",35308501.791999996,497514038904.799,7.096986020681197e-05
China,Import,79,Zinc and articles thereof,35085486.493,497514038904.799,7.052160089840948e-05
China,Import,5,Animal originated products; not elsewhere specified or included,30138405.445,497514038904.799,6.057799999241245e-05
China,Import,80,Tin; articles thereof,27154037.205,497514038904.799,5.4579439134572876e-05
China,Import,3,"Fish and crustaceans, molluscs and other aquatic invertebrates",24737833.059,497514038904.799,4.972288443047065e-05
China,Import,15,Animal or vegetable fats and oils and their cleavage products; prepared animal fats; animal or vegetable waxes,23789342.707000002,497514038904.799,4.7816424958315944e-05
China,Import,22,"Beverages, spirits and vinegar",18549793.586999997,497514038904.799,3.728496511944573e-05
China,Import,46,"Manufactures of straw, esparto or other plaiting materials; basketware and wickerwork",16614093.681,497514038904.799,3.339422082957374e-05
China,Import,97,Works of art; collectors' pieces and antiques,14696732.518000001,497514038904.799,2.954033729450652e-05
China,Import,24,Tobacco and manufactured tobacco substitutes,12225038.561999999,497514038904.799,2.457224843124337e-05
China,Import,43,Furskins and artificial fur; manufactures thereof,8091528.995,497514038904.799,1.6263920939421653e-05
China,Import,78,Lead and articles thereof,6863292.566,497514038904.799,1.3795173662050798e-05
China,Import,88,"Aircraft, spacecraft and parts thereof",6062570.561,497514038904.799,1.21857276115179e-05
China,Import,18,Cocoa and cocoa preparations,5324598.317,497514038904.799,1.0702408174694502e-05
China,Import,19,"Preparations of cereals, flour, starch or milk; pastrycooks' products",4656534.242000001,497514038904.799,9.359603705356029e-06
China,Import,45,Cork and articles of cork,3238686.614,497514038904.799,6.5097391445063e-06
China,Import,24,"Tobacco and manufactured tobacco substitutes; products, whether or not containing nicotine, intended for inhalation without combustion; other nicotine containing products intended for the intake of nicotine into the human body",2251149.593,497514038904.799,4.524796120237252e-06
China,Import,16,"Meat, fish or crustaceans, molluscs or other aquatic invertebrates; preparations thereof",2245176.6689999998,497514038904.799,4.51279058163346e-06
China,Import,16,"Meat, fish, crustaceans, molluscs or other aquatic invertebrates, or insects; preparations thereof",2001064.042,497514038904.799,4.0221257804202595e-06
China,Import,36,Explosives; pyrotechnic products; matches; pyrophoric alloys; certain combustible preparations,1871880.767,497514038904.799,3.7624682332998258e-06
China,Import,93,Arms and ammunition; parts and accessories thereof,1632238.654,497514038904.799,3.280789136308844e-06
China,Import,1,Animals; live,355714.139,497514038904.799,7.149831184322964e-07
China,Import,10,Cereals,113445.015,497514038904.799,2.2802374632428832e-07
European Union,Export,29,Organic chemicals,36712161547.582,310109029674.586,0.11838469065575433
European Union,Export,85,"Electrical machinery and equipment and parts thereof; sound recorders and reproducers; television image and sound recorders and reproducers, parts and accessories of such articles",36040328022.631,310109029674.586,0.11621824769323887
European Union,Export,27,"Mineral fuels, mineral oils and products of their distillation; bituminous substances; mineral waxes",27001539393.816,310109029674.586,0.08707111631721966
European Union,Export,72,Iron and steel,20758183994.816998,310109029674.586,0.0669383410621731
European Union,Export,84,"Machinery and mechanical appliances, boilers, nuclear reactors; parts thereof",16480938949.647,310109029674.586,0.05314562741672286
European Union,Export,71,"Natural, cultured pearls; precious, semi-precious stones; precious metals, metals clad with precious metal, and articles thereof; imitation jewellery; coin",15475991909.867,310109029674.586,0.04990500252800374
European Union,Export,30,Pharmaceutical products,12191521928.857,310109029674.586,0.03931366313857489
European Union,Export,61,Apparel and clothing accessories; knitted or crocheted,11087403535.901001,310109029674.586,0.035753243133666915
European Union,Export,62,Apparel and clothing accessories; not knitted or crocheted,10074355149.545,310109029674.586,0.032486494056998466
European Union,Export,87,"Vehicles; other than railway or tramway rolling stock, and parts and accessories thereof",9018187902.814001,310109029674.586,0.029080700785389154
European Union,Export,73,Iron or steel articles,8996665717.795,310109029674.586,0.029011298791382124
European Union,Export,84,"Nuclear reactors, boilers, machinery and mechanical appliances; parts thereof",7526500438.815001,310109029674.586,0.024270497530216907
European Union,Export,40,Rubber and articles thereof,6485941613.897,310109029674.586,0.02091503630417678
European Union,Export,39,Plastics and articles thereof,6290658423.288,310109029674.586,0.02028531200748693
European Union,Export,76,Aluminium and articles thereof,6149791731.537,310109029674.586,0.019831063087683405
European Union,Export,63,"Textiles, made up articles; sets; worn clothing and worn textile articles; rags",6065284572.283,310109029674.586,0.019558555191532566
European Union,Export,42,"Articles of leather; saddlery and harness; travel goods, handbags and similar containers; articles of animal gut (other than silk-worm gut)",5899437884.111,310109029674.586,0.01902375396905274
European Union,Export,64,Footwear; gaiters and the like; parts of such articles,5861719314.857,310109029674.586,0.018902123943337013
European Union,Export,3,"Fish and crustaceans, molluscs and other aquatic invertebrates",4488304601.127,310109029674.586,0.014473311550575674
European Union,Export,90,"Optical, photographic, cinematographic, measuring, checking, medical or surgical instruments and apparatus; parts and accessories",4269273342.234,310109029674.586,0.013767007515756562
European Union,Export,94,"Furniture; bedding, mattresses, mattress supports, cushions and similar stuffed furnishings; lamps and lighting fittings, n.e.c.; illuminated signs, illuminated name-plates and the like; prefabricated buildings",3978546760.657,310109029674.586,0.012829509559369819
European Union,Export,32,"Tanning or dyeing extracts; tannins and their derivatives; dyes, pigments and other colouring matter; paints, varnishes; putty, other mastics; inks",3164320877.977,310109029674.586,0.010203897904222561
European Union,Export,9,"Coffee, tea, mate and spices",3106684856.094,310109029674.586,0.010018040620597248
European Union,Export,52,Cotton,2561539162.9639997,310109029674.586,0.00826012440093073
European Union,Export,38,Chemical products n.e.c.,2403926051.772,310109029674.586,0.00775187376612209
European Union,Export,57,Carpets and other textile floor coverings,2145563839.99,310109029674.586,0.0069187402967319424
European Union,Export,68,"Stone, plaster, cement, asbestos, mica or similar materials; articles thereof",1956960664.047,310109029674.586,0.006310556858342834
European Union,Export,69,Ceramic products,1801323861.639,310109029674.586,0.005808679171739131
European Union,Export,8,"Fruit and nuts, edible; peel of citrus fruit or melons",1556511397.914,310109029674.586,0.005019239199669003
European Union,Export,28,"Inorganic chemicals; organic and inorganic compounds of precious metals; of rare earth metals, of radio-active elements and of isotopes",1481745281.943,310109029674.586,0.004778142976029672
European Union,Export,12,"Oil seeds and oleaginous fruits; miscellaneous grains, seeds and fruit, industrial or medicinal plants; straw and fodder",1431635925.504,310109029674.586,0.004616556722022226
European Union,Export,82,"Tools, implements, cutlery, spoons and forks, of base metal; parts thereof, of base metal",1339311889.836,310109029674.586,0.004318841960975504
European Union,Export,83,Metal; miscellaneous products of base metal,1247236379.616,310109029674.586,0.004021928613058419
European Union,Export,10,Cereals,1241356036.6069999,310109029674.586,0.004002966433804334
European Union,Export,33,"Essential oils and resinoids; perfumery, cosmetic or toilet preparations",1201557566.817,310109029674.586,0.0038746294104298044
European Union,Export,70,Glass and glassware,1140836927.025,310109029674.586,0.003678825244857079
European Union,Export,55,Man-made staple fibres,1074799673.334,310109029674.586,0.003465876741679676
European Union,Export,20,"Preparations of vegetables, fruit, nuts or other parts of plants",1057403109.22,310109029674.586,0.0034097785231522915
European Union,Export,15,"Animal, vegetable or microbial fats and oils and their cleavage products; prepared edible fats; animal or vegetable waxes",1045681886.928,310109029674.586,0.0033719814222284658
European Union,Export,23,"Food industries, residues and wastes thereof; prepared animal fodder",1023157287.298,310109029674.586,0.003299346969585677
European Union,Export,54,Man-made filaments; strip and the like of man-made textile materials,953527650.798,310109029674.586,0.0030748142090495966
European Union,Export,13,"Lac; gums, resins and other vegetable saps and extracts",936464774.683,310109029674.586,0.0030197920249716128
European Union,Export,24,"Tobacco and manufactured tobacco substitutes; products, whether or not containing nicotine, intended for inhalation without combustion; other nicotine containing products intended for the intake of nicotine into the human body",904625626.822,310109029674.586,0.0029171212066003756
European Union,Export,48,"Paper and paperboard; articles of paper pulp, of paper or paperboard",900770092.732,310109029674.586,0.002904688372593427
European Union,Export,25,"Salt; sulphur; earths, stone; plastering materials, lime and cement",827574514.877,310109029674.586,0.0026686566197231284
European Union,Export,7,Vegetables and certain roots and tubers; edible,795900822.458,310109029674.586,0.002566519340933675
European Union,Export,21,Miscellaneous edible preparations,727144310.895,310109029674.586,0.0023448021222020896
European Union,Export,95,"Toys, games and sports requisites; parts and accessories thereof",722574857.925,310109029674.586,0.0023300671337536877
European Union,Export,74,Copper and articles thereof,675483723.596,310109029674.586,0.00217821365699935
European Union,Export,41,Raw hides and skins (other than furskins) and leather,629097165.727,310109029674.586,0.002028632208443415
European Union,Export,15,Animal or vegetable fats and oils and their cleavage products; prepared animal fats; animal or vegetable waxes,622367211.58,310109029674.586,0.0020069303116812924
European Union,Export,26,"Ores, slag and ash",557950545.35,310109029674.586,0.001799207672009704
European Union,Export,79,Zinc and articles thereof,513975255.94799995,310109029674.586,0.0016574017741029395
European Union,Export,44,Wood and articles of wood; wood charcoal,502939095.096,310109029674.586,0.0016218137718329612
European Union,Export,96,Miscellaneous manufactured articles,484852847.184,310109029674.586,0.0015634915490618962
European Union,Export,88,"Aircraft, spacecraft, and parts thereof",470337272.51699996,310109029674.586,0.0015166835774196902
European Union,Export,17,Sugars and sugar confectionery,451237367.83599997,310109029674.586,0.001455092643737293
European Union,Export,53,Vegetable textile fibres; paper yarn and woven fabrics of paper yarn,422558460.55,310109029674.586,0.0013626125656302664
European Union,Export,58,"Fabrics; special woven fabrics, tufted textile fabrics, lace, tapestries, trimmings, embroidery",380825469.92,310109029674.586,0.001228037346476562
European Union,Export,24,Tobacco and manufactured tobacco substitutes,370761516.274,310109029674.586,0.0011955843938599915
European Union,Export,34,"Soap, organic surface-active agents; washing, lubricating, polishing or scouring preparations; artificial or prepared waxes, candles and similar articles, modelling pastes, dental waxes and dental preparations with a basis of plaster",329937084.177,310109029674.586,0.0010639389782465239
European Union,Export,14,Vegetable plaiting materials; vegetable products not elsewhere specified or included,310474678.745,310109029674.586,0.0010011790984312766
European Union,Export,56,"Wadding, felt and nonwovens, special yarns; twine, cordage, ropes and cables and articles thereof",285048815.515,310109029674.586,0.0009191890214035914
European Union,Export,88,"Aircraft, spacecraft and parts thereof",241674321.908,310109029674.586,0.0007793204930588503
European Union,Export,35,Albuminoidal substances; modified starches; glues; enzymes,221725771.14699998,310109029674.586,0.0007149929538642222
European Union,Export,49,"Printed books, newspapers, pictures and other products of the printing industry; manuscripts, typescripts and plans",221619136.535,310109029674.586,0.000714649092183987
European Union,Export,99,Commodities not specified according to kind,213696995.425,310109029674.586,0.0006891027831380586
European Union,Export,51,"Wool, fine or coarse animal hair; horsehair yarn and woven fabric",199615543.935,310109029674.586,0.0006436947164823523
European Union,Export,59,"Textile fabrics; impregnated, coated, covered or laminated; textile articles of a kind suitable for industrial use",197529506.908,310109029674.586,0.0006369679306509658
European Union,Export,86,"Railway, tramway locomotives, rolling-stock and parts thereof; railway or tramway track fixtures and fittings and parts thereof; mechanical (including electro-mechanical) traffic signalling equipment of all kinds",185387103.56,310109029674.586,0.0005978126588398171
European Union,Export,5,Animal originated products; not elsewhere specified or included,164832804.351,310109029674.586,0.0005315317794001932
European Union,Export,93,Arms and ammunition; parts and accessories thereof,164653091.946,310109029674.586,0.0005309522657846478
European Union,Export,6,"Trees and other plants, live; bulbs, roots and the like; cut flowers and ornamental foliage",156957043.97100002,310109029674.586,0.0005061350330098529
European Union,Export,81,"Metals; n.e.c., cermets and articles thereof",145063367.415,310109029674.586,0.0004677818235967613
European Union,Export,75,Nickel and articles thereof,138769835.502,310109029674.586,0.000447487245526577
European Union,Export,19,"Preparations of cereals, flour, starch or milk; pastrycooks' products",120029880.523,310109029674.586,0.0003870570316799668
European Union,Export,16,"Meat, fish, crustaceans, molluscs or other aquatic invertebrates, or insects; preparations thereof",117045477.558,310109029674.586,0.00037743331008717186
European Union,Export,67,"Feathers and down, prepared; and articles made of feather or of down; artificial flowers; articles of human hair",103334295.016,310109029674.586,0.0003332192394540533
European Union,Export,36,Explosives; pyrotechnic products; matches; pyrophoric alloys; certain combustible preparations,88812741.491,310109029674.586,0.0002863919879540301
European Union,Export,46,"Manufactures of straw, esparto or other plaiting materials; basketware and wickerwork",82066570.804,310109029674.586,0.0002646377981644612
European Union,Export,65,Headgear and parts thereof,78094499.536,310109029674.586,0.0002518291699469336
European Union,Export,18,Cocoa and cocoa preparations,75879917.586,310109029674.586,0.0002446878688622026
European Union,Export,50,Silk,65028084.497,310109029674.586,0.0002096942632248969
European Union,Export,16,"Meat, fish or crustaceans, molluscs or other aquatic invertebrates; preparations thereof",62160874.400000006,310109029674.586,0.00020044845022806573
European Union,Export,92,Musical instruments; parts and accessories of such articles,59562452.911,310109029674.586,0.00019206939241176585
European Union,Export,11,"Products of the milling industry; malt, starches, inulin, wheat gluten",57079684.701000005,310109029674.586,0.00018406327852141802
European Union,Export,31,Fertilizers,50444641.499,310109029674.586,0.00016266743845522416
European Union,Export,91,Clocks and watches and parts thereof,48434695.374,310109029674.586,0.00015618602084829686
European Union,Export,78,Lead and articles thereof,46682498.85,310109029674.586,0.00015053576124173632
European Union,Export,89,"Ships, boats and floating structures",43678227.93,310109029674.586,0.00014084797200466528
European Union,Export,22,"Beverages, spirits and vinegar",32288189.847999997,310109029674.586,0.00010411883163119024
European Union,Export,60,Fabrics; knitted or crocheted,31050340.567,310109029674.586,0.00010012717333507763
European Union,Export,80,Tin; articles thereof,25803811.971,310109029674.586,8.320883786607995e-05
European Union,Export,4,"Dairy produce; birds' eggs; natural honey; edible products of animal origin, not elsewhere specified or included",18453765.919,310109029674.586,5.950734791039308e-05
European Union,Export,97,Works of art; collectors' pieces and antiques,15497475.517,310109029674.586,4.9974280120970134e-05
European Union,Export,43,Furskins and artificial fur; manufactures thereof,11568557.572,310109029674.586,3.7304807229055884e-05
European Union,Export,66,"Umbrellas, sun umbrellas, walking-sticks, seat sticks, whips, riding crops; and parts thereof",10534044.473,310109029674.586,3.396884148795646e-05
European Union,Export,45,Cork and articles of cork,1732442.381,310109029674.586,5.586558968688995e-06
European Union,Export,37,Photographic or cinematographic goods,764178.118,310109029674.586,2.464224014379372e-06
European Union,Export,47,Pulp of wood or other fibrous cellulosic material; recovered (waste and scrap) paper or paperboard,454028.747,310109029674.586,1.4640939268244998e-06
European Union,Export,2,Meat and edible meat offal,162459.68300000002,310109029674.586,5.238792406995619e-07
European Union,Export,1,Animals; live,142740.703,310109029674.586,4.6029199198032213e-07
European Union,Import,84,"Machinery and mechanical appliances, boilers, nuclear reactors; parts thereof",35793317249.177,234601810685.404,0.15257050721221874
European Union,Import,85,"Electrical machinery and equipment and parts thereof; sound recorders and reproducers; television image and sound recorders and reproducers, parts and accessories of such articles",22640968406.369,234601810685.404,0.09650807186961594
European Union,Import,71,"Natural, cultured pearls; precious, semi-precious stones; precious metals, metals clad with precious metal, and articles thereof; imitation jewellery; coin",19318292623.952,234601810685.404,0.0823450278048255
European Union,Import,88,"Aircraft, spacecraft, and parts thereof",17597451618.675,234601810685.404,0.07500987126767238
European Union,Import,84,"Nuclear reactors, boilers, machinery and mechanical appliances; parts thereof",16984568784.581,234601810685.404,0.07239743263259354
European Union,Import,90,"Optical, photographic, cinematographic, measuring, checking, medical or surgical instruments and apparatus; parts and accessories",15346569894.167,234601810685.404,0.0654153940642275
European Union,Import,39,Plastics and articles thereof,10747185596.565,234601810685.404,0.045810326719842524
European Union,Import,29,Organic chemicals,9873595157.932,234601810685.404,0.04208661104995596
European Union,Import,88,"Aircraft, spacecraft and parts thereof",8233246603.247,234601810685.404,0.035094556939663214
European Union,Import,72,Iron and steel,8131652074.902,234601810685.404,0.03466150602650877
European Union,Import,87,"Vehicles; other than railway or tramway rolling stock, and parts and accessories thereof",6782808766.281,234601810685.404,0.02891200518216205
European Union,Import,38,Chemical products n.e.c.,6460400047.43,234601810685.404,0.027537724574910712
European Union,Import,30,Pharmaceutical products,5545625144.425,234601810685.404,0.023638458408411712
European Union,Import,73,Iron or steel articles,3817248234.766,234601810685.404,0.01627117976461336
European Union,Import,76,Aluminium and articles thereof,3533753854.4709997,234601810685.404,0.01506277314802863
European Union,Import,27,"Mineral fuels, mineral oils and products of their distillation; bituminous substances; mineral waxes",3370388737.2790003,234601810685.404,0.014366422524328338
European Union,Import,74,Copper and articles thereof,2909071262.594,234601810685.404,0.012400037553397242
European Union,Import,48,"Paper and paperboard; articles of paper pulp, of paper or paperboard",2743035012.41,234601810685.404,0.011692301113943026
European Union,Import,47,Pulp of wood or other fibrous cellulosic material; recovered (waste and scrap) paper or paperboard,2551898039.469,234601810685.404,0.010877571797137749
European Union,Import,40,Rubber and articles thereof,2506684650.4709997,234601810685.404,0.010684847841317006
European Union,Import,32,"Tanning or dyeing extracts; tannins and their derivatives; dyes, pigments and other colouring matter; paints, varnishes; putty, other mastics; inks",2444430242.715,234601810685.404,0.010419485832498236
European Union,Import,28,"Inorganic chemicals; organic and inorganic compounds of precious metals; of rare earth metals, of radio-active elements and of isotopes",2259342656.7869997,234601810685.404,0.009630542280071017
European Union,Import,34,"Soap, organic surface-active agents; washing, lubricating, polishing or scouring preparations; artificial or prepared waxes, candles and similar articles, modelling pastes, dental waxes and dental preparations with a basis of plaster",1366199836.603,234601810685.404,0.005823483768567519
European Union,Import,33,"Essential oils and resinoids; perfumery, cosmetic or toilet preparations",1303794951.901,234601810685.404,0.0055574803454921376
European Union,Import,94,"Furniture; bedding, mattresses, mattress supports, cushions and similar stuffed furnishings; lamps and lighting fittings, n.e.c.; illuminated signs, illuminated name-plates and the like; prefabricated buildings",1246303611.161,234601810685.404,0.005312421108429834
European Union,Import,82,"Tools, implements, cutlery, spoons and forks, of base metal; parts thereof, of base metal",1207660920.651,234601810685.404,0.005147705028885934
European Union,Import,44,Wood and articles of wood; wood charcoal,1129835683.924,234601810685.404,0.004815971712337231
European Union,Import,35,Albuminoidal substances; modified starches; glues; enzymes,1094271409.048,234601810685.404,0.004664377507790827
European Union,Import,83,Metal; miscellaneous products of base metal,897455905.5090001,234601810685.404,0.0038254432175396516
European Union,Import,69,Ceramic products,893831605.806,234601810685.404,0.0038099944889368694
European Union,Import,68,"Stone, plaster, cement, asbestos, mica or similar materials; articles thereof",877506840.243,234601810685.404,0.00374040949504741
European Union,Import,86,"Railway, tramway locomotives, rolling-stock and parts thereof; railway or tramway track fixtures and fittings and parts thereof; mechanical (including electro-mechanical) traffic signalling equipment of all kinds",817324705.779,234601810685.404,0.0034838806375412632
European Union,Import,15,"Animal, vegetable or microbial fats and oils and their cleavage products; prepared edible fats; animal or vegetable waxes",773473888.964,234601810685.404,0.003296964702464347
European Union,Import,53,Vegetable textile fibres; paper yarn and woven fabrics of paper yarn,729211097.036,234601810685.404,0.0031082927062905602
European Union,Import,70,Glass and glassware,727211005.5109999,234601810685.404,0.003099767232769462
European Union,Import,75,Nickel and articles thereof,661379494.7969999,234601810685.404,0.0028191576734413856
European Union,Import,99,Commodities not specified according to kind,654877588.371,234601810685.404,0.0027914430261971714
European Union,Import,22,"Beverages, spirits and vinegar",639055653.699,234601810685.404,0.0027240013699466282
European Union,Import,55,Man-made staple fibres,616131158.362,234601810685.404,0.0026262847527132632
European Union,Import,25,"Salt; sulphur; earths, stone; plastering materials, lime and cement",573074279.7509999,234601810685.404,0.0024427530123349315
European Union,Import,31,Fertilizers,473232422.711,234601810685.404,0.002017172933697407
European Union,Import,41,Raw hides and skins (other than furskins) and leather,458631514.221,234601810685.404,0.0019549359524595276
European Union,Import,17,Sugars and sugar confectionery,442427902.90999997,234601810685.404,0.0018858673836208634
European Union,Import,79,Zinc and articles thereof,411573633.047,234601810685.404,0.0017543497718306676
European Union,Import,81,"Metals; n.e.c., cermets and articles thereof",402472209.418,234601810685.404,0.0017155545741192365
European Union,Import,8,"Fruit and nuts, edible; peel of citrus fruit or melons",388771666.877,234601810685.404,0.0016571554402806143
European Union,Import,59,"Textile fabrics; impregnated, coated, covered or laminated; textile articles of a kind suitable for industrial use",329026764.819,234601810685.404,0.0014024903041358783
European Union,Import,23,"Food industries, residues and wastes thereof; prepared animal fodder",321018931.487,234601810685.404,0.0013683565806637337
European Union,Import,62,Apparel and clothing accessories; not knitted or crocheted,294542826.12,234601810685.404,0.0012555010775896168
European Union,Import,93,Arms and ammunition; parts and accessories thereof,288514664.654,234601810685.404,0.0012298057879906647
European Union,Import,37,Photographic or cinematographic goods,249021218.664,234601810685.404,0.0010614633277401773
European Union,Import,12,"Oil seeds and oleaginous fruits; miscellaneous grains, seeds and fruit, industrial or medicinal plants; straw and fodder",246475474.948,234601810685.404,0.0010506119890034368
European Union,Import,15,Animal or vegetable fats and oils and their cleavage products; prepared animal fats; animal or vegetable waxes,227039863.53399998,234601810685.404,0.0009677668849643091
European Union,Import,54,Man-made filaments; strip and the like of man-made textile materials,216824813.503,234601810685.404,0.0009242248082806038
European Union,Import,61,Apparel and clothing accessories; knitted or crocheted,214060961.086,234601810685.404,0.0009124437721115936
European Union,Import,56,"Wadding, felt and nonwovens, special yarns; twine, cordage, ropes and cables and articles thereof",209602848.701,234601810685.404,0.0008934408821851462
European Union,Import,18,Cocoa and cocoa preparations,208636666.449,234601810685.404,0.0008893224900500759
European Union,Import,21,Miscellaneous edible preparations,208214391.268,234601810685.404,0.0008875225244838841
European Union,Import,96,Miscellaneous manufactured articles,207323757.593,234601810685.404,0.0008837261613083487
European Union,Import,26,"Ores, slag and ash",199709126.916,234601810685.404,0.0008512684805481134
European Union,Import,95,"Toys, games and sports requisites; parts and accessories thereof",194843579.573,234601810685.404,0.0008305288821247892
European Union,Import,64,Footwear; gaiters and the like; parts of such articles,178476428.725,234601810685.404,0.0007607632191907208
European Union,Import,42,"Articles of leather; saddlery and harness; travel goods, handbags and similar containers; articles of animal gut (other than silk-worm gut)",169688300.92000002,234601810685.404,0.0007233034579922676
European Union,Import,49,"Printed books, newspapers, pictures and other products of the printing industry; manuscripts, typescripts and plans",168399270.423,234601810685.404,0.0007178089117514094
European Union,Import,4,"Dairy produce; birds' eggs; natural honey; edible products of animal origin, not elsewhere specified or included",166834728.907,234601810685.404,0.0007111399883043606
European Union,Import,89,"Ships, boats and floating structures",163292845.69099998,234601810685.404,0.0006960425634138527
European Union,Import,13,"Lac; gums, resins and other vegetable saps and extracts",140315975.894,234601810685.404,0.000598102697860933
European Union,Import,9,"Coffee, tea, mate and spices",134095151.20899999,234601810685.404,0.0005715861732577108
European Union,Import,63,"Textiles, made up articles; sets; worn clothing and worn textile articles; rags",131231566.22299999,234601810685.404,0.0005593800228548906
European Union,Import,78,Lead and articles thereof,119122178.60499999,234601810685.404,0.0005077632532203269
European Union,Import,51,"Wool, fine or coarse animal hair; horsehair yarn and woven fabric",109343937.331,234601810685.404,0.0004660830920765052
European Union,Import,6,"Trees and other plants, live; bulbs, roots and the like; cut flowers and ornamental foliage",93883755.771,234601810685.404,0.00040018342354951434
European Union,Import,52,Cotton,92208910.822,234601810685.404,0.00039304432712009273
European Union,Import,7,Vegetables and certain roots and tubers; edible,90139275.592,234601810685.404,0.00038422242065673924
European Union,Import,20,"Preparations of vegetables, fruit, nuts or other parts of plants",89575314.357,234601810685.404,0.0003818185123776328
European Union,Import,10,Cereals,87282388.041,234601810685.404,0.0003720448183498626
European Union,Import,19,"Preparations of cereals, flour, starch or milk; pastrycooks' products",72949861.669,234601810685.404,0.000310951827080415
European Union,Import,97,Works of art; collectors' pieces and antiques,63383258.22400001,234601810685.404,0.00027017378100715344
European Union,Import,57,Carpets and other textile floor coverings,61223893.850999996,234601810685.404,0.0002609694003304174
European Union,Import,36,Explosives; pyrotechnic products; matches; pyrophoric alloys; certain combustible preparations,60361074.349,234601810685.404,0.0002572915962270339
European Union,Import,11,"Products of the milling industry; malt, starches, inulin, wheat gluten",59777316.339,234601810685.404,0.0002548033033690439
European Union,Import,58,"Fabrics; special woven fabrics, tufted textile fabrics, lace, tapestries, trimmings, embroidery",56250120.339,234601810685.404,0.0002397684833491341
European Union,Import,91,Clocks and watches and parts thereof,56184547.688,234601810685.404,0.00023948897719013038
European Union,Import,60,Fabrics; knitted or crocheted,50981178.553,234601810685.404,0.000217309399292594
European Union,Import,5,Animal originated products; not elsewhere specified or included,46148290.33,234601810685.404,0.00019670901173002398
European Union,Import,45,Cork and articles of cork,25797352.904,234601810685.404,0.0001099622923993272
European Union,Import,80,Tin; articles thereof,17925558.107,234601810685.404,7.640843885488076e-05
European Union,Import,24,"Tobacco and manufactured tobacco substitutes; products, whether or not containing nicotine, intended for inhalation without combustion; other nicotine containing products intended for the intake of nicotine into the human body",17627552.972,234601810685.404,7.513817954132575e-05
European Union,Import,1,Animals; live,13683458.529,234601810685.404,5.832631252513743e-05
European Union,Import,3,"Fish and crustaceans, molluscs and other aquatic invertebrates",12960126.931,234601810685.404,5.524308142863932e-05
European Union,Import,65,Headgear and parts thereof,12808529.954,234601810685.404,5.459689299319162e-05
European Union,Import,2,Meat and edible meat offal,12684380.809,234601810685.404,5.4067702086108295e-05
European Union,Import,43,Furskins and artificial fur; manufactures thereof,9301169.587,234601810685.404,3.964662318601057e-05
European Union,Import,92,Musical instruments; parts and accessories of such articles,5981881.623,234601810685.404,2.5498019838481022e-05
European Union,Import,24,Tobacco and manufactured tobacco substitutes,5785088.481000001,234601810685.404,2.4659180865222222e-05
European Union,Import,50,Silk,4807219.82,234601810685.404,2.0490974924513175e-05
European Union,Import,46,"Manufactures of straw, esparto or other plaiting materials; basketware and wickerwork",2353062.8540000003,234601810685.404,1.0030028528447324e-05
European Union,Import,16,"Meat, fish, crustaceans, molluscs or other aquatic invertebrates, or insects; preparations thereof",2160630.865,234601810685.404,9.209779151693591e-06
European Union,Import,16,"Meat, fish or crustaceans, molluscs or other aquatic invertebrates; preparations thereof",1648427.364,234601810685.404,7.0264903718518436e-06
European Union,Import,67,"Feathers and down, prepared; and articles made of feather or of down; artificial flowers; articles of human hair",1389506.1090000002,234601810685.404,5.9228277264377045e-06
European Union,Import,66,"Umbrellas, sun umbrellas, walking-sticks, seat sticks, whips, riding crops; and parts thereof",1270282.281,234601810685.404,5.414631188432818e-06
European Union,Import,14,Vegetable plaiting materials; vegetable products not elsewhere specified or included,377352.081,234601810685.404,1.608478979329026e-06
United States,Export,71,"Natural, cultured pearls; precious, semi-precious stones; precious metals, metals clad with precious metal, and articles thereof; imitation jewellery; coin",54911758298.586,356308277556.068,0.1541130581507335
United States,Export,30,Pharmaceutical products,36588872015.149,356308277556.068,0.10268880719278672
United States,Export,85,"Electrical machinery and equipment and parts thereof; sound recorders and reproducers; television image and sound recorders and reproducers, parts and accessories of such articles",33734319794.625,356308277556.068,0.09467733959483057
United States,Export,27,"Mineral fuels, mineral oils and products of their distillation; bituminous substances; mineral waxes",22782735711.499,356308277556.068,0.06394107896613194
United States,Export,84,"Machinery and mechanical appliances, boilers, nuclear reactors; parts thereof",18787947615.232002,356308277556.068,0.052729472759092906
United States,Export,63,"Textiles, made up articles; sets; worn clothing and worn textile articles; rags",14251729464.855999,356308277556.068,0.039998311469520584
United States,Export,29,Organic chemicals,13259617951.071999,356308277556.068,0.03721389253715974
United States,Export,87,"Vehicles; other than railway or tramway rolling stock, and parts and accessories thereof",13092072897.048,356308277556.068,0.03674366755340916
United States,Export,73,Iron or steel articles,12688028441.269001,356308277556.068,0.03560969318000881
United States,Export,62,Apparel and clothing accessories; not knitted or crocheted,12061383633.086,356308277556.068,0.03385097791108163
United States,Export,61,Apparel and clothing accessories; knitted or crocheted,11539104363.021,356308277556.068,0.03238517062294526
United States,Export,3,"Fish and crustaceans, molluscs and other aquatic invertebrates",10386483988.115,356308277556.068,0.029150274193336982
United States,Export,84,"Nuclear reactors, boilers, machinery and mechanical appliances; parts thereof",9194520776.13,356308277556.068,0.025804959792670456
United States,Export,39,Plastics and articles thereof,6705181613.411,356308277556.068,0.018818483980787917
United States,Export,38,Chemical products n.e.c.,6453706112.297,356308277556.068,0.018112703293235888
United States,Export,57,Carpets and other textile floor coverings,5609436145.733,356308277556.068,0.015743210301507268
United States,Export,94,"Furniture; bedding, mattresses, mattress supports, cushions and similar stuffed furnishings; lamps and lighting fittings, n.e.c.; illuminated signs, illuminated name-plates and the like; prefabricated buildings",5572683413.082,356308277556.068,0.01564006160986561
United States,Export,76,Aluminium and articles thereof,4309821781.363,356308277556.068,0.012095766651631647
United States,Export,90,"Optical, photographic, cinematographic, measuring, checking, medical or surgical instruments and apparatus; parts and accessories",4206265127.086,356308277556.068,0.011805128850603561
United States,Export,68,"Stone, plaster, cement, asbestos, mica or similar materials; articles thereof",4172915331.708,356308277556.068,0.011711530701251693
United States,Export,40,Rubber and articles thereof,4172175929.4309998,356308277556.068,0.011709455525558129
United States,Export,42,"Articles of leather; saddlery and harness; travel goods, handbags and similar containers; articles of animal gut (other than silk-worm gut)",3380864453.469,356308277556.068,0.009488593632060635
United States,Export,72,Iron and steel,2951032371.9240003,356308277556.068,0.008282244780180924
United States,Export,64,Footwear; gaiters and the like; parts of such articles,2306160034.79,356308277556.068,0.006472372886220997
United States,Export,33,"Essential oils and resinoids; perfumery, cosmetic or toilet preparations",2197490834.961,356308277556.068,0.00616738642737596
United States,Export,16,"Meat, fish, crustaceans, molluscs or other aquatic invertebrates, or insects; preparations thereof",1892426124.953,356308277556.068,0.005311204493853533
United States,Export,9,"Coffee, tea, mate and spices",1874858998.993,356308277556.068,0.0052619013284022735
United States,Export,13,"Lac; gums, resins and other vegetable saps and extracts",1843857696.037,356308277556.068,0.0051748943602548045
United States,Export,48,"Paper and paperboard; articles of paper pulp, of paper or paperboard",1608853003.2220001,356308277556.068,0.004515339958580766
United States,Export,70,Glass and glassware,1483186564.4580002,356308277556.068,0.0041626497555185445
United States,Export,10,Cereals,1476149242.497,356308277556.068,0.0041428991002453374
United States,Export,32,"Tanning or dyeing extracts; tannins and their derivatives; dyes, pigments and other colouring matter; paints, varnishes; putty, other mastics; inks",1436950468.856,356308277556.068,0.004032885451643441
United States,Export,74,Copper and articles thereof,1352657628.664,356308277556.068,0.00379631267042666
United States,Export,82,"Tools, implements, cutlery, spoons and forks, of base metal; parts thereof, of base metal",1321861612.045,356308277556.068,0.0037098818503788324
United States,Export,88,"Aircraft, spacecraft, and parts thereof",1312109884.6069999,356308277556.068,0.003682513057532122
United States,Export,28,"Inorganic chemicals; organic and inorganic compounds of precious metals; of rare earth metals, of radio-active elements and of isotopes",1262501330.807,356308277556.068,0.0035432837526721086
United States,Export,12,"Oil seeds and oleaginous fruits; miscellaneous grains, seeds and fruit, industrial or medicinal plants; straw and fodder",1198360041.181,356308277556.068,0.0033632674755708653
United States,Export,21,Miscellaneous edible preparations,1173297134.434,356308277556.068,0.0032929269633635502
United States,Export,69,Ceramic products,1116404062.741,356308277556.068,0.003133253233403551
United States,Export,44,Wood and articles of wood; wood charcoal,1087040340.681,356308277556.068,0.003050842231724312
United States,Export,16,"Meat, fish or crustaceans, molluscs or other aquatic invertebrates; preparations thereof",1085555045.775,356308277556.068,0.0030466736647850657
United States,Export,83,Metal; miscellaneous products of base metal,1011779903.603,356308277556.068,0.0028396194176089225
United States,Export,59,"Textile fabrics; impregnated, coated, covered or laminated; textile articles of a kind suitable for industrial use",952258334.2249999,356308277556.068,0.0026725686553132474
United States,Export,95,"Toys, games and sports requisites; parts and accessories thereof",916386334.449,356308277556.068,0.0025718917919463694
United States,Export,88,"Aircraft, spacecraft and parts thereof",812511293.313,356308277556.068,0.002280360419595205
United States,Export,20,"Preparations of vegetables, fruit, nuts or other parts of plants",811024224.294,356308277556.068,0.0022761868735041635
United States,Export,96,Miscellaneous manufactured articles,801676352.282,356308277556.068,0.0022499515245077337
United States,Export,56,"Wadding, felt and nonwovens, special yarns; twine, cordage, ropes and cables and articles thereof",800505891.083,356308277556.068,0.002246666556762869
United States,Export,55,Man-made staple fibres,790866094.472,356308277556.068,0.0022196119043222363
United States,Export,54,Man-made filaments; strip and the like of man-made textile materials,778016049.417,356308277556.068,0.0021835475020491853
United States,Export,4,"Dairy produce; birds' eggs; natural honey; edible products of animal origin, not elsewhere specified or included",769544683.276,356308277556.068,0.0021597721179938234
United States,Export,19,"Preparations of cereals, flour, starch or milk; pastrycooks' products",630894587.219,356308277556.068,0.0017706425221056606
United States,Export,25,"Salt; sulphur; earths, stone; plastering materials, lime and cement",621377720.824,356308277556.068,0.0017439328804990256
United States,Export,23,"Food industries, residues and wastes thereof; prepared animal fodder",618535646.917,356308277556.068,0.0017359564340170808
United States,Export,34,"Soap, organic surface-active agents; washing, lubricating, polishing or scouring preparations; artificial or prepared waxes, candles and similar articles, modelling pastes, dental waxes and dental preparations with a basis of plaster",613704811.47,356308277556.068,0.001722398412070089
United States,Export,52,Cotton,577640957.653,356308277556.068,0.0016211830991271414
United States,Export,7,Vegetables and certain roots and tubers; edible,558060941.023,356308277556.068,0.001566230638397629
United States,Export,60,Fabrics; knitted or crocheted,554564996.457,356308277556.068,0.0015564190657056368
United States,Export,15,"Animal, vegetable or microbial fats and oils and their cleavage products; prepared edible fats; animal or vegetable waxes",520807566.38100004,356308277556.068,0.001461676865755797
United States,Export,49,"Printed books, newspapers, pictures and other products of the printing industry; manuscripts, typescripts and plans",509647726.254,356308277556.068,0.0014303561223715966
United States,Export,53,Vegetable textile fibres; paper yarn and woven fabrics of paper yarn,480822922.044,356308277556.068,0.001349457625127271
United States,Export,89,"Ships, boats and floating structures",362642695.562,356308277556.068,0.0010177779142527363
United States,Export,11,"Products of the milling industry; malt, starches, inulin, wheat gluten",351808610.13199997,356308277556.068,0.0009873714204594645
United States,Export,93,Arms and ammunition; parts and accessories thereof,315447908.73300004,356308277556.068,0.0008853229874328747
United States,Export,8,"Fruit and nuts, edible; peel of citrus fruit or melons",291387776.476,356308277556.068,0.0008177968204237068
United States,Export,15,Animal or vegetable fats and oils and their cleavage products; prepared animal fats; animal or vegetable waxes,287331400.779,356308277556.068,0.0008064123650166563
United States,Export,35,Albuminoidal substances; modified starches; glues; enzymes,286259915.907,356308277556.068,0.0008034051801166889
United States,Export,97,Works of art; collectors' pieces and antiques,264858158.25300002,356308277556.068,0.0007433398967592675
United States,Export,58,"Fabrics; special woven fabrics, tufted textile fabrics, lace, tapestries, trimmings, embroidery",237654821.161,356308277556.068,0.0006669921417236878
United States,Export,86,"Railway, tramway locomotives, rolling-stock and parts thereof; railway or tramway track fixtures and fittings and parts thereof; mechanical (including electro-mechanical) traffic signalling equipment of all kinds",216145990.514,356308277556.068,0.000606626351755153
United States,Export,18,Cocoa and cocoa preparations,172936283.91300002,356308277556.068,0.0004853557854428097
United States,Export,17,Sugars and sugar confectionery,164664891.376,356308277556.068,0.0004621416389915012
United States,Export,81,"Metals; n.e.c., cermets and articles thereof",162096502.78,356308277556.068,0.0004549333063262691
United States,Export,24,"Tobacco and manufactured tobacco substitutes; products, whether or not containing nicotine, intended for inhalation without combustion; other nicotine containing products intended for the intake of nicotine into the human body",159253763.808,356308277556.068,0.0004469549933005419
United States,Export,6,"Trees and other plants, live; bulbs, roots and the like; cut flowers and ornamental foliage",113582632.517,356308277556.068,0.0003187762947750403
United States,Export,67,"Feathers and down, prepared; and articles made of feather or of down; artificial flowers; articles of human hair",104704031.282,356308277556.068,0.0002938579816336823
United States,Export,46,"Manufactures of straw, esparto or other plaiting materials; basketware and wickerwork",103346987.855,356308277556.068,0.00029004935996396414
United States,Export,50,Silk,99544938.472,356308277556.068,0.00027937868621740283
United States,Export,22,"Beverages, spirits and vinegar",91019546.743,356308277556.068,0.000255451676192612
United States,Export,75,Nickel and articles thereof,73910557.684,356308277556.068,0.0002074342987228793
United States,Export,65,Headgear and parts thereof,70104379.42199999,356308277556.068,0.00019675203703615473
United States,Export,24,Tobacco and manufactured tobacco substitutes,60026932.647,356308277556.068,0.00016846909383842277
United States,Export,43,Furskins and artificial fur; manufactures thereof,57594029.86,356308277556.068,0.0001616410100125645
United States,Export,79,Zinc and articles thereof,44742701.716,356308277556.068,0.00012557300667526415
United States,Export,41,Raw hides and skins (other than furskins) and leather,37992605.015,356308277556.068,0.00010662846587677593
United States,Export,31,Fertilizers,36511842.516,356308277556.068,0.00010247261940260304
United States,Export,92,Musical instruments; parts and accessories of such articles,34530031.703999996,356308277556.068,9.69105515618183e-05
United States,Export,91,Clocks and watches and parts thereof,30113216.052,356308277556.068,8.451450036060822e-05
United States,Export,51,"Wool, fine or coarse animal hair; horsehair yarn and woven fabric",29550191.312,356308277556.068,8.293433853034761e-05
United States,Export,36,Explosives; pyrotechnic products; matches; pyrophoric alloys; certain combustible preparations,17289108.518,356308277556.068,4.8522893255768995e-05
United States,Export,14,Vegetable plaiting materials; vegetable products not elsewhere specified or included,12037973.286,356308277556.068,3.3785275404121725e-05
United States,Export,78,Lead and articles thereof,11901538.860000001,356308277556.068,3.34023642157098e-05
United States,Export,5,Animal originated products; not elsewhere specified or included,7749554.723,356308277556.068,2.1749578135412656e-05
United States,Export,99,Commodities not specified according to kind,7568599.943,356308277556.068,2.1241717972182164e-05
United States,Export,26,"Ores, slag and ash",5746543.788,356308277556.068,1.6128010910708452e-05
United States,Export,45,Cork and articles of cork,5392501.306,356308277556.068,1.5134369998326649e-05
United States,Export,80,Tin; articles thereof,2691405.463,356308277556.068,7.553586690324604e-06
United States,Export,2,Meat and edible meat offal,1900624.383,356308277556.068,5.334213384085418e-06
United States,Export,66,"Umbrellas, sun umbrellas, walking-sticks, seat sticks, whips, riding crops; and parts thereof",1662009.099,356308277556.068,4.664525647284378e-06
United States,Export,37,Photographic or cinematographic goods,1417085.655,356308277556.068,3.977133690858501e-06
United States,Export,47,Pulp of wood or other fibrous cellulosic material; recovered (waste and scrap) paper or paperboard,125524.811,356308277556.068,3.522927164672666e-07
United States,Export,1,Animals; live,27426.492000000002,356308277556.068,7.697405232378925e-08
United States,Import,27,"Mineral fuels, mineral oils and products of their distillation; bituminous substances; mineral waxes",68638211582.032,200876813160.98898,0.34169305308036313
United States,Import,71,"Natural, cultured pearls; precious, semi-precious stones; precious metals, metals clad with precious metal, and articles thereof; imitation jewellery; coin",23682724578.35,200876813160.98898,0.11789675575632474
United States,Import,84,"Machinery and mechanical appliances, boilers, nuclear reactors; parts thereof",15101074615.733002,200876813160.98898,0.0751757974357674
United States,Import,85,"Electrical machinery and equipment and parts thereof; sound recorders and reproducers; television image and sound recorders and reproducers, parts and accessories of such articles",9299444367.663,200876813160.98898,0.046294264735323803
United States,Import,90,"Optical, photographic, cinematographic, measuring, checking, medical or surgical instruments and apparatus; parts and accessories",9167912214.921,200876813160.98898,0.045639474614591516
United States,Import,29,Organic chemicals,8569504589.1,200876813160.98898,0.04266049652147822
United States,Import,39,Plastics and articles thereof,7638548108.894,200876813160.98898,0.0380260319182395
United States,Import,84,"Nuclear reactors, boilers, machinery and mechanical appliances; parts thereof",6032584839.778999,200876813160.98898,0.030031265156244272
United States,Import,38,Chemical products n.e.c.,5629710858.725,200876813160.98898,0.028025687833932198
United States,Import,8,"Fruit and nuts, edible; peel of citrus fruit or melons",4905558697.545,200876813160.98898,0.02442073139428756
United States,Import,76,Aluminium and articles thereof,4416205833.196,200876813160.98898,0.02198464702671639
United States,Import,47,Pulp of wood or other fibrous cellulosic material; recovered (waste and scrap) paper or paperboard,3966721650.554,200876813160.98898,0.01974703594772257
United States,Import,72,Iron and steel,3923217110.888,200876813160.98898,0.019530462720671552
United States,Import,88,"Aircraft, spacecraft, and parts thereof",2618291431.1879997,200876813160.98898,0.013034313866228149
United States,Import,87,"Vehicles; other than railway or tramway rolling stock, and parts and accessories thereof",2347143356.263,200876813160.98898,0.011684491202983819
United States,Import,30,Pharmaceutical products,2337104038.604,200876813160.98898,0.011634513719266203
United States,Import,28,"Inorganic chemicals; organic and inorganic compounds of precious metals; of rare earth metals, of radio-active elements and of isotopes",1961278566.625,200876813160.98898,0.009763588618130703
United States,Import,32,"Tanning or dyeing extracts; tannins and their derivatives; dyes, pigments and other colouring matter; paints, varnishes; putty, other mastics; inks",1751126756.6030002,200876813160.98898,0.008717416057370406
United States,Import,22,"Beverages, spirits and vinegar",1480340729.331,200876813160.98898,0.007369395730828369
United States,Import,52,Cotton,1351813881.44,200876813160.98898,0.006729566544629588
United States,Import,73,Iron or steel articles,1252447090.8370001,200876813160.98898,0.006234901236875207
United States,Import,74,Copper and articles thereof,1238063235.592,200876813160.98898,0.006163295883232563
United States,Import,40,Rubber and articles thereof,1190765422.626,200876813160.98898,0.005927839076537336
United States,Import,48,"Paper and paperboard; articles of paper pulp, of paper or paperboard",1080248358.403,200876813160.98898,0.005377665751483498
United States,Import,34,"Soap, organic surface-active agents; washing, lubricating, polishing or scouring preparations; artificial or prepared waxes, candles and similar articles, modelling pastes, dental waxes and dental preparations with a basis of plaster",756973775.5239999,200876813160.98898,0.003768348191173948
United States,Import,33,"Essential oils and resinoids; perfumery, cosmetic or toilet preparations",669609582.7179999,200876813160.98898,0.003333433919928597
United States,Import,89,"Ships, boats and floating structures",605539223.194,200876813160.98898,0.003014480435373603
United States,Import,99,Commodities not specified according to kind,540285144.254,200876813160.98898,0.0026896341879985844
United States,Import,75,Nickel and articles thereof,510734960.56,200876813160.98898,0.0025425281918958014
United States,Import,31,Fertilizers,463372793.654,200876813160.98898,0.0023067510200026845
United States,Import,35,Albuminoidal substances; modified starches; glues; enzymes,449537586.025,200876813160.98898,0.0022378769303987634
United States,Import,63,"Textiles, made up articles; sets; worn clothing and worn textile articles; rags",366973005.17,200876813160.98898,0.0018268559690654607
United States,Import,94,"Furniture; bedding, mattresses, mattress supports, cushions and similar stuffed furnishings; lamps and lighting fittings, n.e.c.; illuminated signs, illuminated name-plates and the like; prefabricated buildings",366180535.077,200876813160.98898,0.0018229109139815526
United States,Import,44,Wood and articles of wood; wood charcoal,364503304.565,200876813160.98898,0.0018145613663876458
United States,Import,78,Lead and articles thereof,350427941.219,200876813160.98898,0.001744491739512793
United States,Import,97,Works of art; collectors' pieces and antiques,321440641.373,200876813160.98898,0.0016001878779079764
United States,Import,26,"Ores, slag and ash",312994991.069,200876813160.98898,0.0015581439497357817
United States,Import,86,"Railway, tramway locomotives, rolling-stock and parts thereof; railway or tramway track fixtures and fittings and parts thereof; mechanical (including electro-mechanical) traffic signalling equipment of all kinds",298495642.31,200876813160.98898,0.0014859636491284648
United States,Import,70,Glass and glassware,295005563.671,200876813160.98898,0.001468589425672406
United States,Import,82,"Tools, implements, cutlery, spoons and forks, of base metal; parts thereof, of base metal",294379809.298,200876813160.98898,0.0014654743106765377
United States,Import,25,"Salt; sulphur; earths, stone; plastering materials, lime and cement",287321067.033,200876813160.98898,0.0014303346539191253
United States,Import,83,Metal; miscellaneous products of base metal,285449976.485,200876813160.98898,0.0014210200370723296
United States,Import,15,"Animal, vegetable or microbial fats and oils and their cleavage products; prepared edible fats; animal or vegetable waxes",280885669.573,200876813160.98898,0.0013982981169055556
United States,Import,68,"Stone, plaster, cement, asbestos, mica or similar materials; articles thereof",273785890.583,200876813160.98898,0.0013629541721352349
United States,Import,49,"Printed books, newspapers, pictures and other products of the printing industry; manuscripts, typescripts and plans",220457013.662,200876813160.98898,0.0010974736715148843
United States,Import,81,"Metals; n.e.c., cermets and articles thereof",211570788.908,200876813160.98898,0.001053236486475124
United States,Import,55,Man-made staple fibres,197766404.60799998,200876813160.98898,0.0009845158408078875
United States,Import,23,"Food industries, residues and wastes thereof; prepared animal fodder",195124588.402,200876813160.98898,0.0009713644164875368
United States,Import,21,Miscellaneous edible preparations,189114798.972,200876813160.98898,0.0009414466308783855
United States,Import,88,"Aircraft, spacecraft and parts thereof",188476925.84399998,200876813160.98898,0.0009382711865950833
United States,Import,69,Ceramic products,168451842.474,200876813160.98898,0.0008385828101474182
United States,Import,3,"Fish and crustaceans, molluscs and other aquatic invertebrates",150914281.265,200876813160.98898,0.0007512777552083751
United States,Import,79,Zinc and articles thereof,149781667.722,200876813160.98898,0.0007456394063856453
United States,Import,54,Man-made filaments; strip and the like of man-made textile materials,120814146.579,200876813160.98898,0.000601434006632591
United States,Import,37,Photographic or cinematographic goods,110414501.155,200876813160.98898,0.0005496627481167294
United States,Import,7,Vegetables and certain roots and tubers; edible,106355238.21599999,200876813160.98898,0.0005294550254078532
United States,Import,56,"Wadding, felt and nonwovens, special yarns; twine, cordage, ropes and cables and articles thereof",105982535.50400001,200876813160.98898,0.0005275996459534743
United States,Import,96,Miscellaneous manufactured articles,105385730.724,200876813160.98898,0.0005246286471079197
United States,Import,95,"Toys, games and sports requisites; parts and accessories thereof",104484000.745,200876813160.98898,0.0005201396771526002
United States,Import,59,"Textile fabrics; impregnated, coated, covered or laminated; textile articles of a kind suitable for industrial use",100669003.049,200876813160.98898,0.0005011479496556962
United States,Import,17,Sugars and sugar confectionery,92369165.462,200876813160.98898,0.00045982990275723087
United States,Import,20,"Preparations of vegetables, fruit, nuts or other parts of plants",91941676.995,200876813160.98898,0.00045770179020768843
United States,Import,12,"Oil seeds and oleaginous fruits; miscellaneous grains, seeds and fruit, industrial or medicinal plants; straw and fodder",91519099.76099999,200876813160.98898,0.0004555981266372128
United States,Import,5,Animal originated products; not elsewhere specified or included,73413860.91499999,200876813160.98898,0.00036546707287796236
United States,Import,15,Animal or vegetable fats and oils and their cleavage products; prepared animal fats; animal or vegetable waxes,57422887.541,200876813160.98898,0.00028586120337830876
United States,Import,13,"Lac; gums, resins and other vegetable saps and extracts",56752807.666999996,200876813160.98898,0.000282525428265912
United States,Import,41,Raw hides and skins (other than furskins) and leather,34970301.95,200876813160.98898,0.00017408829520793774
United States,Import,36,Explosives; pyrotechnic products; matches; pyrophoric alloys; certain combustible preparations,25848053.642,200876813160.98898,0.00012867614352924127
United States,Import,62,Apparel and clothing accessories; not knitted or crocheted,24489426.275,200876813160.98898,0.00012191265825873793
United States,Import,57,Carpets and other textile floor coverings,23878483.064,200876813160.98898,0.00011887127582446777
United States,Import,42,"Articles of leather; saddlery and harness; travel goods, handbags and similar containers; articles of animal gut (other than silk-worm gut)",23831325.486,200876813160.98898,0.00011863651713202373
United States,Import,1,Animals; live,23527766.255,200876813160.98898,0.00011712534605048772
United States,Import,64,Footwear; gaiters and the like; parts of such articles,20652870.461999997,200876813160.98898,0.00010281361067515612
United States,Import,92,Musical instruments; parts and accessories of such articles,14666660.746,200876813160.98898,7.30132090170391e-05
United States,Import,61,Apparel and clothing accessories; knitted or crocheted,13378275.378,200876813160.98898,6.659940073460958e-05
United States,Import,11,"Products of the milling industry; malt, starches, inulin, wheat gluten",10915196.306,200876813160.98898,5.433776120916563e-05
United States,Import,58,"Fabrics; special woven fabrics, tufted textile fabrics, lace, tapestries, trimmings, embroidery",10607553.792,200876813160.98898,5.280626282884512e-05
United States,Import,18,Cocoa and cocoa preparations,10527957.133,200876813160.98898,5.2410016702936067e-05
United States,Import,10,Cereals,9527333.197999999,200876813160.98898,4.742873529342829e-05
United States,Import,16,"Meat, fish or crustaceans, molluscs or other aquatic invertebrates; preparations thereof",8416873.259,200876813160.98898,4.1900670996081826e-05
United States,Import,93,Arms and ammunition; parts and accessories thereof,7894301.134,200876813160.98898,3.929921532393716e-05
United States,Import,9,"Coffee, tea, mate and spices",7209126.056,200876813160.98898,3.588829363905918e-05
United States,Import,6,"Trees and other plants, live; bulbs, roots and the like; cut flowers and ornamental foliage",6906859.217,200876813160.98898,3.438355631152226e-05
United States,Import,91,Clocks and watches and parts thereof,6020594.579,200876813160.98898,2.9971575535574167e-05
United States,Import,19,"Preparations of cereals, flour, starch or milk; pastrycooks' products",5336499.344,200876813160.98898,2.6566029498502456e-05
United States,Import,65,Headgear and parts thereof,4965072.815,200876813160.98898,2.471700310687842e-05
United States,Import,16,"Meat, fish, crustaceans, molluscs or other aquatic invertebrates, or insects; preparations thereof",4055309.9289999995,200876813160.98898,2.01880439319293e-05
United States,Import,51,"Wool, fine or coarse animal hair; horsehair yarn and woven fabric",3792155.7460000003,200876813160.98898,1.8878016264429922e-05
United States,Import,60,Fabrics; knitted or crocheted,2967323.622,200876813160.98898,1.4771857315467732e-05
United States,Import,4,"Dairy produce; birds' eggs; natural honey; edible products of animal origin, not elsewhere specified or included",2488879.51,200876813160.98898,1.2390078629957822e-05
United States,Import,24,"Tobacco and manufactured tobacco substitutes; products, whether or not containing nicotine, intended for inhalation without combustion; other nicotine containing products intended for the intake of nicotine into the human body",1452087.287,200876813160.98898,7.228745140616362e-06
United States,Import,80,Tin; articles thereof,1323346.486,200876813160.98898,6.5878508583239455e-06
United States,Import,50,Silk,760969.416,200876813160.98898,3.788239190105705e-06
United States,Import,67,"Feathers and down, prepared; and articles made of feather or of down; artificial flowers; articles of human hair",719870.586,200876813160.98898,3.5836420076172413e-06
United States,Import,45,Cork and articles of cork,712958.577,200876813160.98898,3.549232814782922e-06
United States,Import,24,Tobacco and manufactured tobacco substitutes,524943.041,200876813160.98898,2.6132585077367497e-06
United States,Import,2,Meat and edible meat offal,436618.528,200876813160.98898,2.1735635941719177e-06
United States,Import,66,"Umbrellas, sun umbrellas, walking-sticks, seat sticks, whips, riding crops; and parts thereof",327122.986,200876813160.98898,1.6284755858698004e-06
United States,Import,53,Vegetable textile fibres; paper yarn and woven fabrics of paper yarn,259268.723,200876813160.98898,1.2906851662974856e-06
United States,Import,46,"Manufactures of straw, esparto or other plaiting materials; basketware and wickerwork",113314.17599999999,200876813160.98898,5.640978379579651e-07
United States,Import,43,Furskins and artificial fur; manufactures thereof,93734.437,200876813160.98898,4.666264638760387e-07
United States,Import,14,Vegetable plaiting materials; vegetable products not elsewhere specified or included,92743.431,200876813160.98898,4.6169306223348187e-07
